[{"pk": 22, "model": "auth.permission", "fields": {"codename": "add_logentry", "name": "Can add log entry", "content_type": 8}}, {"pk": 23, "model": "auth.permission", "fields": {"codename": "change_logentry", "name": "Can change log entry", "content_type": 8}}, {"pk": 24, "model": "auth.permission", "fields": {"codename": "delete_logentry", "name": "Can delete log entry", "content_type": 8}}, {"pk": 4, "model": "auth.permission", "fields": {"codename": "add_group", "name": "Can add group", "content_type": 2}}, {"pk": 5, "model": "auth.permission", "fields": {"codename": "change_group", "name": "Can change group", "content_type": 2}}, {"pk": 6, "model": "auth.permission", "fields": {"codename": "delete_group", "name": "Can delete group", "content_type": 2}}, {"pk": 10, "model": "auth.permission", "fields": {"codename": "add_message", "name": "Can add message", "content_type": 4}}, {"pk": 11, "model": "auth.permission", "fields": {"codename": "change_message", "name": "Can change message", "content_type": 4}}, {"pk": 12, "model": "auth.permission", "fields": {"codename": "delete_message", "name": "Can delete message", "content_type": 4}}, {"pk": 1, "model": "auth.permission", "fields": {"codename": "add_permission", "name": "Can add permission", "content_type": 1}}, {"pk": 2, "model": "auth.permission", "fields": {"codename": "change_permission", "name": "Can change permission", "content_type": 1}}, {"pk": 3, "model": "auth.permission", "fields": {"codename": "delete_permission", "name": "Can delete permission", "content_type": 1}}, {"pk": 7, "model": "auth.permission", "fields": {"codename": "add_user", "name": "Can add user", "content_type": 3}}, {"pk": 8, "model": "auth.permission", "fields": {"codename": "change_user", "name": "Can change user", "content_type": 3}}, {"pk": 9, "model": "auth.permission", "fields": {"codename": "delete_user", "name": "Can delete user", "content_type": 3}}, {"pk": 13, "model": "auth.permission", "fields": {"codename": "add_contenttype", "name": "Can add content type", "content_type": 5}}, {"pk": 14, "model": "auth.permission", "fields": {"codename": "change_contenttype", "name": "Can change content type", "content_type": 5}}, {"pk": 15, "model": "auth.permission", "fields": {"codename": "delete_contenttype", "name": "Can delete content type", "content_type": 5}}, {"pk": 28, "model": "auth.permission", "fields": {"codename": "add_balance", "name": "Can add balance", "content_type": 10}}, {"pk": 29, "model": "auth.permission", "fields": {"codename": "change_balance", "name": "Can change balance", "content_type": 10}}, {"pk": 30, "model": "auth.permission", "fields": {"codename": "delete_balance", "name": "Can delete balance", "content_type": 10}}, {"pk": 43, "model": "auth.permission", "fields": {"codename": "add_currency", "name": "Can add currency", "content_type": 15}}, {"pk": 44, "model": "auth.permission", "fields": {"codename": "change_currency", "name": "Can change currency", "content_type": 15}}, {"pk": 45, "model": "auth.permission", "fields": {"codename": "delete_currency", "name": "Can delete currency", "content_type": 15}}, {"pk": 34, "model": "auth.permission", "fields": {"codename": "add_exchangerate", "name": "Can add exchange rate", "content_type": 12}}, {"pk": 35, "model": "auth.permission", "fields": {"codename": "change_exchangerate", "name": "Can change exchange rate", "content_type": 12}}, {"pk": 36, "model": "auth.permission", "fields": {"codename": "delete_exchangerate", "name": "Can delete exchange rate", "content_type": 12}}, {"pk": 25, "model": "auth.permission", "fields": {"codename": "add_person", "name": "Can add person", "content_type": 9}}, {"pk": 26, "model": "auth.permission", "fields": {"codename": "change_person", "name": "Can change person", "content_type": 9}}, {"pk": 27, "model": "auth.permission", "fields": {"codename": "delete_person", "name": "Can delete person", "content_type": 9}}, {"pk": 31, "model": "auth.permission", "fields": {"codename": "add_personbalance", "name": "Can add person balance", "content_type": 11}}, {"pk": 32, "model": "auth.permission", "fields": {"codename": "change_personbalance", "name": "Can change person balance", "content_type": 11}}, {"pk": 33, "model": "auth.permission", "fields": {"codename": "delete_personbalance", "name": "Can delete person balance", "content_type": 11}}, {"pk": 49, "model": "auth.permission", "fields": {"codename": "add_personresolution", "name": "Can add person resolution", "content_type": 17}}, {"pk": 50, "model": "auth.permission", "fields": {"codename": "change_personresolution", "name": "Can change person resolution", "content_type": 17}}, {"pk": 51, "model": "auth.permission", "fields": {"codename": "delete_personresolution", "name": "Can delete person resolution", "content_type": 17}}, {"pk": 46, "model": "auth.permission", "fields": {"codename": "add_resolution", "name": "Can add resolution", "content_type": 16}}, {"pk": 47, "model": "auth.permission", "fields": {"codename": "change_resolution", "name": "Can change resolution", "content_type": 16}}, {"pk": 48, "model": "auth.permission", "fields": {"codename": "delete_resolution", "name": "Can delete resolution", "content_type": 16}}, {"pk": 37, "model": "auth.permission", "fields": {"codename": "add_transaction", "name": "Can add transaction", "content_type": 13}}, {"pk": 38, "model": "auth.permission", "fields": {"codename": "change_transaction", "name": "Can change transaction", "content_type": 13}}, {"pk": 39, "model": "auth.permission", "fields": {"codename": "delete_transaction", "name": "Can delete transaction", "content_type": 13}}, {"pk": 40, "model": "auth.permission", "fields": {"codename": "add_transactionrecord", "name": "Can add transaction record", "content_type": 14}}, {"pk": 41, "model": "auth.permission", "fields": {"codename": "change_transactionrecord", "name": "Can change transaction record", "content_type": 14}}, {"pk": 42, "model": "auth.permission", "fields": {"codename": "delete_transactionrecord", "name": "Can delete transaction record", "content_type": 14}}, {"pk": 52, "model": "auth.permission", "fields": {"codename": "add_content", "name": "Can add content", "content_type": 18}}, {"pk": 53, "model": "auth.permission", "fields": {"codename": "change_content", "name": "Can change content", "content_type": 18}}, {"pk": 54, "model": "auth.permission", "fields": {"codename": "delete_content", "name": "Can delete content", "content_type": 18}}, {"pk": 55, "model": "auth.permission", "fields": {"codename": "add_newspost", "name": "Can add news post", "content_type": 19}}, {"pk": 56, "model": "auth.permission", "fields": {"codename": "change_newspost", "name": "Can change news post", "content_type": 19}}, {"pk": 57, "model": "auth.permission", "fields": {"codename": "delete_newspost", "name": "Can delete news post", "content_type": 19}}, {"pk": 16, "model": "auth.permission", "fields": {"codename": "add_session", "name": "Can add session", "content_type": 6}}, {"pk": 17, "model": "auth.permission", "fields": {"codename": "change_session", "name": "Can change session", "content_type": 6}}, {"pk": 18, "model": "auth.permission", "fields": {"codename": "delete_session", "name": "Can delete session", "content_type": 6}}, {"pk": 19, "model": "auth.permission", "fields": {"codename": "add_site", "name": "Can add site", "content_type": 7}}, {"pk": 20, "model": "auth.permission", "fields": {"codename": "change_site", "name": "Can change site", "content_type": 7}}, {"pk": 21, "model": "auth.permission", "fields": {"codename": "delete_site", "name": "Can delete site", "content_type": 7}}, {"pk": 1, "model": "auth.user", "fields": {"username": "admin", "first_name": "Admin", "last_name": "UserA", "is_active": true, "is_superuser": true, "is_staff": true, "last_login": "2011-11-17 23:14:24", "groups": [], "user_permissions": [], "password": "sha1$687ae$20c6ecc7dd702f0c6fc3cf069823d386478cb5a5", "email": "testinga@example.com", "date_joined": "2011-11-02 21:57:23"}}, {"pk": 2, "model": "auth.user", "fields": {"username": "userZ", "first_name": "", "last_name": "", "is_active": true, "is_superuser": false, "is_staff": false, "last_login": "2011-11-22 22:46:27", "groups": [], "user_permissions": [], "password": "sha1$35423$fcd8fa25effbb80fa5d78ef963f77a72b4e79553", "email": "userZ@example.com", "date_joined": "2011-11-22 22:46:27"}}, {"pk": 3, "model": "auth.user", "fields": {"username": "userH", "first_name": "", "last_name": "", "is_active": true, "is_superuser": false, "is_staff": false, "last_login": "2011-11-22 22:46:27", "groups": [], "user_permissions": [], "password": "sha1$a4e99$946cc55a9fca3e719b862c65bbf337965a2e6b02", "email": "userH@example.com", "date_joined": "2011-11-22 22:46:27"}}, {"pk": 4, "model": "auth.user", "fields": {"username": "userM", "first_name": "", "last_name": "", "is_active": true, "is_superuser": false, "is_staff": false, "last_login": "2011-11-22 22:46:27", "groups": [], "user_permissions": [], "password": "sha1$42ad9$5166c7126cc1bfb6da879bbffa10857f2be8922b", "email": "userM@example.com", "date_joined": "2011-11-22 22:46:27"}}, {"pk": 5, "model": "auth.user", "fields": {"username": "userB", "first_name": "", "last_name": "", "is_active": true, "is_superuser": false, "is_staff": false, "last_login": "2011-11-22 22:46:27", "groups": [], "user_permissions": [], "password": "sha1$6e3b5$7bca3fe0d4ac9cbc2b6962219a5d507454bc53a2", "email": "userB@example.com", "date_joined": "2011-11-22 22:46:27"}}, {"pk": 6, "model": "auth.user", "fields": {"username": "userL", "first_name": "", "last_name": "", "is_active": true, "is_superuser": false, "is_staff": false, "last_login": "2011-11-22 22:46:28", "groups": [], "user_permissions": [], "password": "sha1$b9a26$2e53fa5eb159db400995d9e0fe8f267ac2e3d653", "email": "userL@example.com", "date_joined": "2011-11-22 22:46:28"}}, {"pk": 7, "model": "auth.user", "fields": {"username": "userT", "first_name": "", "last_name": "", "is_active": true, "is_superuser": false, "is_staff": false, "last_login": "2011-11-22 22:46:28", "groups": [], "user_permissions": [], "password": "sha1$72f9e$c5cbf2f980bf70032dd8b0ce21b6ea2b23b9a798", "email": "userT@example.com", "date_joined": "2011-11-22 22:46:28"}}, {"pk": 8, "model": "auth.user", "fields": {"username": "userC", "first_name": "", "last_name": "", "is_active": true, "is_superuser": false, "is_staff": false, "last_login": "2011-11-22 22:46:28", "groups": [], "user_permissions": [], "password": "sha1$90c49$2596e928e140905969bdf36661c026ac9c949db2", "email": "userC@example.com", "date_joined": "2011-11-22 22:46:28"}}, {"pk": 9, "model": "auth.user", "fields": {"username": "userI", "first_name": "", "last_name": "", "is_active": true, "is_superuser": false, "is_staff": false, "last_login": "2011-11-22 22:46:29", "groups": [], "user_permissions": [], "password": "sha1$8c8d0$2c16f67e298b0f6fb4753c081dea4082a42a71c3", "email": "userI@example.com", "date_joined": "2011-11-22 22:46:29"}}, {"pk": 10, "model": "auth.user", "fields": {"username": "userP", "first_name": "", "last_name": "", "is_active": true, "is_superuser": false, "is_staff": false, "last_login": "2011-11-22 22:46:29", "groups": [], "user_permissions": [], "password": "sha1$14730$0585519ab172dea8b068a9e7cab6f4778587196f", "email": "userP@example.com", "date_joined": "2011-11-22 22:46:29"}}, {"pk": 11, "model": "auth.user", "fields": {"username": "userN", "first_name": "", "last_name": "", "is_active": true, "is_superuser": false, "is_staff": false, "last_login": "2011-11-22 22:46:29", "groups": [], "user_permissions": [], "password": "sha1$b494d$8b97f0e69adf1ea1777c7778a2d905da5c978bdf", "email": "userN@example.com", "date_joined": "2011-11-22 22:46:29"}}, {"pk": 1, "model": "core.person", "fields": {"user": 2, "default_currency": null}}, {"pk": 2, "model": "core.person", "fields": {"user": 3, "default_currency": null}}, {"pk": 3, "model": "core.person", "fields": {"user": 4, "default_currency": null}}, {"pk": 4, "model": "core.person", "fields": {"user": 5, "default_currency": null}}, {"pk": 5, "model": "core.person", "fields": {"user": 6, "default_currency": null}}, {"pk": 6, "model": "core.person", "fields": {"user": 7, "default_currency": null}}, {"pk": 7, "model": "core.person", "fields": {"user": 8, "default_currency": null}}, {"pk": 8, "model": "core.person", "fields": {"user": 9, "default_currency": null}}, {"pk": 9, "model": "core.person", "fields": {"user": 10, "default_currency": null}}, {"pk": 10, "model": "core.person", "fields": {"user": 11, "default_currency": null}}, {"pk": 1, "model": "core.balance", "fields": {"currency": 3, "time_updated": "2011-11-22 22:46:32", "value": 366}}, {"pk": 2, "model": "core.balance", "fields": {"currency": 1, "time_updated": "2011-11-22 22:46:33", "value": 66}}, {"pk": 3, "model": "core.balance", "fields": {"currency": 2, "time_updated": "2011-11-22 22:46:33", "value": 62}}, {"pk": 4, "model": "core.balance", "fields": {"currency": 2, "time_updated": "2011-11-22 22:46:33", "value": 72}}, {"pk": 5, "model": "core.balance", "fields": {"currency": 3, "time_updated": "2011-11-22 22:46:33", "value": 190}}, {"pk": 6, "model": "core.balance", "fields": {"currency": 2, "time_updated": "2011-11-22 22:46:50", "value": 244}}, {"pk": 7, "model": "core.balance", "fields": {"currency": 2, "time_updated": "2011-11-22 22:46:53", "value": 23}}, {"pk": 8, "model": "core.balance", "fields": {"currency": 1, "time_updated": "2011-11-22 22:46:34", "value": 39}}, {"pk": 9, "model": "core.balance", "fields": {"currency": 1, "time_updated": "2011-11-22 22:46:34", "value": 195}}, {"pk": 10, "model": "core.balance", "fields": {"currency": 3, "time_updated": "2011-11-22 22:46:39", "value": 279}}, {"pk": 11, "model": "core.balance", "fields": {"currency": 3, "time_updated": "2011-11-22 22:46:35", "value": 24}}, {"pk": 12, "model": "core.balance", "fields": {"currency": 3, "time_updated": "2011-11-22 22:46:35", "value": 9}}, {"pk": 13, "model": "core.balance", "fields": {"currency": 2, "time_updated": "2011-11-22 22:46:35", "value": 190}}, {"pk": 14, "model": "core.balance", "fields": {"currency": 3, "time_updated": "2011-11-22 22:46:55", "value": 183}}, {"pk": 15, "model": "core.balance", "fields": {"currency": 1, "time_updated": "2011-11-22 22:46:35", "value": 61}}, {"pk": 16, "model": "core.balance", "fields": {"currency": 2, "time_updated": "2011-11-22 22:46:36", "value": 161}}, {"pk": 17, "model": "core.balance", "fields": {"currency": 1, "time_updated": "2011-11-22 22:46:36", "value": 121}}, {"pk": 18, "model": "core.balance", "fields": {"currency": 1, "time_updated": "2011-11-22 22:46:51", "value": 294}}, {"pk": 19, "model": "core.balance", "fields": {"currency": 3, "time_updated": "2011-11-22 22:46:37", "value": 37}}, {"pk": 20, "model": "core.balance", "fields": {"currency": 2, "time_updated": "2011-11-22 22:46:38", "value": 198}}, {"pk": 21, "model": "core.balance", "fields": {"currency": 2, "time_updated": "2011-11-22 22:46:37", "value": 91}}, {"pk": 22, "model": "core.balance", "fields": {"currency": 1, "time_updated": "2011-11-22 22:46:46", "value": 80}}, {"pk": 23, "model": "core.balance", "fields": {"currency": 1, "time_updated": "2011-11-22 22:46:49", "value": 165}}, {"pk": 24, "model": "core.balance", "fields": {"currency": 3, "time_updated": "2011-11-22 22:46:38", "value": 164}}, {"pk": 25, "model": "core.balance", "fields": {"currency": 3, "time_updated": "2011-11-22 22:46:39", "value": 33}}, {"pk": 26, "model": "core.balance", "fields": {"currency": 1, "time_updated": "2011-11-22 22:46:39", "value": 82}}, {"pk": 27, "model": "core.balance", "fields": {"currency": 1, "time_updated": "2011-11-22 22:46:39", "value": 8}}, {"pk": 28, "model": "core.balance", "fields": {"currency": 1, "time_updated": "2011-11-22 22:46:39", "value": 12}}, {"pk": 29, "model": "core.balance", "fields": {"currency": 1, "time_updated": "2011-11-22 22:46:39", "value": 120}}, {"pk": 30, "model": "core.balance", "fields": {"currency": 1, "time_updated": "2011-11-22 22:46:40", "value": 39}}, {"pk": 31, "model": "core.balance", "fields": {"currency": 3, "time_updated": "2011-11-22 22:46:55", "value": 218}}, {"pk": 32, "model": "core.balance", "fields": {"currency": 2, "time_updated": "2011-11-22 22:46:40", "value": 3}}, {"pk": 33, "model": "core.balance", "fields": {"currency": 1, "time_updated": "2011-11-22 22:46:40", "value": 145}}, {"pk": 34, "model": "core.balance", "fields": {"currency": 2, "time_updated": "2011-11-22 22:46:41", "value": 25}}, {"pk": 35, "model": "core.balance", "fields": {"currency": 3, "time_updated": "2011-11-22 22:46:41", "value": 145}}, {"pk": 36, "model": "core.balance", "fields": {"currency": 2, "time_updated": "2011-11-22 22:46:43", "value": 230}}, {"pk": 37, "model": "core.balance", "fields": {"currency": 3, "time_updated": "2011-11-22 22:46:42", "value": 12}}, {"pk": 38, "model": "core.balance", "fields": {"currency": 1, "time_updated": "2011-11-22 22:46:42", "value": 41}}, {"pk": 39, "model": "core.balance", "fields": {"currency": 1, "time_updated": "2011-11-22 22:46:42", "value": 189}}, {"pk": 40, "model": "core.balance", "fields": {"currency": 3, "time_updated": "2011-11-22 22:46:45", "value": 88}}, {"pk": 41, "model": "core.balance", "fields": {"currency": 2, "time_updated": "2011-11-22 22:46:43", "value": 33}}, {"pk": 42, "model": "core.balance", "fields": {"currency": 2, "time_updated": "2011-11-22 22:46:43", "value": 94}}, {"pk": 43, "model": "core.balance", "fields": {"currency": 3, "time_updated": "2011-11-22 22:46:44", "value": 9}}, {"pk": 44, "model": "core.balance", "fields": {"currency": 3, "time_updated": "2011-11-22 22:46:44", "value": 200}}, {"pk": 45, "model": "core.balance", "fields": {"currency": 2, "time_updated": "2011-11-22 22:46:48", "value": 334}}, {"pk": 46, "model": "core.balance", "fields": {"currency": 3, "time_updated": "2011-11-22 22:46:52", "value": 85}}, {"pk": 47, "model": "core.balance", "fields": {"currency": 2, "time_updated": "2011-11-22 22:46:54", "value": 40}}, {"pk": 48, "model": "core.balance", "fields": {"currency": 3, "time_updated": "2011-11-22 22:46:53", "value": 92}}, {"pk": 49, "model": "core.balance", "fields": {"currency": 1, "time_updated": "2011-11-22 22:46:52", "value": 219}}, {"pk": 50, "model": "core.balance", "fields": {"currency": 3, "time_updated": "2011-11-22 22:46:47", "value": 239}}, {"pk": 51, "model": "core.balance", "fields": {"currency": 2, "time_updated": "2011-11-22 22:46:46", "value": 102}}, {"pk": 52, "model": "core.balance", "fields": {"currency": 2, "time_updated": "2011-11-22 22:46:55", "value": 38}}, {"pk": 53, "model": "core.balance", "fields": {"currency": 2, "time_updated": "2011-11-22 22:46:47", "value": 33}}, {"pk": 54, "model": "core.balance", "fields": {"currency": 1, "time_updated": "2011-11-22 22:46:48", "value": 71}}, {"pk": 55, "model": "core.balance", "fields": {"currency": 3, "time_updated": "2011-11-22 22:46:48", "value": 134}}, {"pk": 56, "model": "core.balance", "fields": {"currency": 1, "time_updated": "2011-11-22 22:46:48", "value": 152}}, {"pk": 57, "model": "core.balance", "fields": {"currency": 2, "time_updated": "2011-11-22 22:46:49", "value": 192}}, {"pk": 58, "model": "core.balance", "fields": {"currency": 2, "time_updated": "2011-11-22 22:46:49", "value": 172}}, {"pk": 59, "model": "core.balance", "fields": {"currency": 2, "time_updated": "2011-11-22 22:46:49", "value": 138}}, {"pk": 60, "model": "core.balance", "fields": {"currency": 3, "time_updated": "2011-11-22 22:46:50", "value": 29}}, {"pk": 61, "model": "core.balance", "fields": {"currency": 2, "time_updated": "2011-11-22 22:46:51", "value": 65}}, {"pk": 62, "model": "core.balance", "fields": {"currency": 1, "time_updated": "2011-11-22 22:46:51", "value": 143}}, {"pk": 63, "model": "core.balance", "fields": {"currency": 2, "time_updated": "2011-11-22 22:46:51", "value": 154}}, {"pk": 64, "model": "core.balance", "fields": {"currency": 2, "time_updated": "2011-11-22 22:46:51", "value": 11}}, {"pk": 65, "model": "core.balance", "fields": {"currency": 1, "time_updated": "2011-11-22 22:46:52", "value": 35}}, {"pk": 66, "model": "core.balance", "fields": {"currency": 1, "time_updated": "2011-11-22 22:46:52", "value": 68}}, {"pk": 67, "model": "core.balance", "fields": {"currency": 3, "time_updated": "2011-11-22 22:46:52", "value": 64}}, {"pk": 68, "model": "core.balance", "fields": {"currency": 3, "time_updated": "2011-11-22 22:46:53", "value": 157}}, {"pk": 69, "model": "core.balance", "fields": {"currency": 2, "time_updated": "2011-11-22 22:46:54", "value": 99}}, {"pk": 70, "model": "core.balance", "fields": {"currency": 3, "time_updated": "2011-11-22 22:46:54", "value": 186}}, {"pk": 71, "model": "core.balance", "fields": {"currency": 1, "time_updated": "2011-11-22 22:46:54", "value": 176}}, {"pk": 1, "model": "core.personbalance", "fields": {"person": 6, "balance": 1, "credited": false}}, {"pk": 2, "model": "core.personbalance", "fields": {"person": 3, "balance": 1, "credited": true}}, {"pk": 3, "model": "core.personbalance", "fields": {"person": 6, "balance": 2, "credited": false}}, {"pk": 4, "model": "core.personbalance", "fields": {"person": 9, "balance": 2, "credited": true}}, {"pk": 5, "model": "core.personbalance", "fields": {"person": 9, "balance": 3, "credited": false}}, {"pk": 6, "model": "core.personbalance", "fields": {"person": 7, "balance": 3, "credited": true}}, {"pk": 7, "model": "core.personbalance", "fields": {"person": 2, "balance": 4, "credited": false}}, {"pk": 8, "model": "core.personbalance", "fields": {"person": 4, "balance": 4, "credited": true}}, {"pk": 9, "model": "core.personbalance", "fields": {"person": 4, "balance": 5, "credited": false}}, {"pk": 10, "model": "core.personbalance", "fields": {"person": 3, "balance": 5, "credited": true}}, {"pk": 11, "model": "core.personbalance", "fields": {"person": 1, "balance": 6, "credited": false}}, {"pk": 12, "model": "core.personbalance", "fields": {"person": 6, "balance": 6, "credited": true}}, {"pk": 13, "model": "core.personbalance", "fields": {"person": 10, "balance": 7, "credited": true}}, {"pk": 14, "model": "core.personbalance", "fields": {"person": 8, "balance": 7, "credited": false}}, {"pk": 15, "model": "core.personbalance", "fields": {"person": 8, "balance": 8, "credited": false}}, {"pk": 16, "model": "core.personbalance", "fields": {"person": 10, "balance": 8, "credited": true}}, {"pk": 17, "model": "core.personbalance", "fields": {"person": 2, "balance": 9, "credited": false}}, {"pk": 18, "model": "core.personbalance", "fields": {"person": 6, "balance": 9, "credited": true}}, {"pk": 19, "model": "core.personbalance", "fields": {"person": 3, "balance": 10, "credited": false}}, {"pk": 20, "model": "core.personbalance", "fields": {"person": 2, "balance": 10, "credited": true}}, {"pk": 21, "model": "core.personbalance", "fields": {"person": 8, "balance": 11, "credited": false}}, {"pk": 22, "model": "core.personbalance", "fields": {"person": 4, "balance": 11, "credited": true}}, {"pk": 23, "model": "core.personbalance", "fields": {"person": 2, "balance": 12, "credited": false}}, {"pk": 24, "model": "core.personbalance", "fields": {"person": 6, "balance": 12, "credited": true}}, {"pk": 25, "model": "core.personbalance", "fields": {"person": 7, "balance": 13, "credited": false}}, {"pk": 26, "model": "core.personbalance", "fields": {"person": 3, "balance": 13, "credited": true}}, {"pk": 27, "model": "core.personbalance", "fields": {"person": 8, "balance": 14, "credited": false}}, {"pk": 28, "model": "core.personbalance", "fields": {"person": 2, "balance": 14, "credited": true}}, {"pk": 29, "model": "core.personbalance", "fields": {"person": 7, "balance": 15, "credited": false}}, {"pk": 30, "model": "core.personbalance", "fields": {"person": 8, "balance": 15, "credited": true}}, {"pk": 31, "model": "core.personbalance", "fields": {"person": 10, "balance": 16, "credited": false}}, {"pk": 32, "model": "core.personbalance", "fields": {"person": 2, "balance": 16, "credited": true}}, {"pk": 33, "model": "core.personbalance", "fields": {"person": 9, "balance": 17, "credited": false}}, {"pk": 34, "model": "core.personbalance", "fields": {"person": 3, "balance": 17, "credited": true}}, {"pk": 35, "model": "core.personbalance", "fields": {"person": 4, "balance": 18, "credited": false}}, {"pk": 36, "model": "core.personbalance", "fields": {"person": 10, "balance": 18, "credited": true}}, {"pk": 37, "model": "core.personbalance", "fields": {"person": 2, "balance": 19, "credited": true}}, {"pk": 38, "model": "core.personbalance", "fields": {"person": 4, "balance": 19, "credited": false}}, {"pk": 39, "model": "core.personbalance", "fields": {"person": 6, "balance": 20, "credited": false}}, {"pk": 40, "model": "core.personbalance", "fields": {"person": 4, "balance": 20, "credited": true}}, {"pk": 41, "model": "core.personbalance", "fields": {"person": 7, "balance": 21, "credited": false}}, {"pk": 42, "model": "core.personbalance", "fields": {"person": 2, "balance": 21, "credited": true}}, {"pk": 43, "model": "core.personbalance", "fields": {"person": 10, "balance": 22, "credited": false}}, {"pk": 44, "model": "core.personbalance", "fields": {"person": 6, "balance": 22, "credited": true}}, {"pk": 45, "model": "core.personbalance", "fields": {"person": 10, "balance": 23, "credited": false}}, {"pk": 46, "model": "core.personbalance", "fields": {"person": 2, "balance": 23, "credited": true}}, {"pk": 47, "model": "core.personbalance", "fields": {"person": 6, "balance": 24, "credited": false}}, {"pk": 48, "model": "core.personbalance", "fields": {"person": 4, "balance": 24, "credited": true}}, {"pk": 49, "model": "core.personbalance", "fields": {"person": 9, "balance": 25, "credited": false}}, {"pk": 50, "model": "core.personbalance", "fields": {"person": 3, "balance": 25, "credited": true}}, {"pk": 51, "model": "core.personbalance", "fields": {"person": 3, "balance": 26, "credited": false}}, {"pk": 52, "model": "core.personbalance", "fields": {"person": 5, "balance": 26, "credited": true}}, {"pk": 53, "model": "core.personbalance", "fields": {"person": 6, "balance": 27, "credited": false}}, {"pk": 54, "model": "core.personbalance", "fields": {"person": 8, "balance": 27, "credited": true}}, {"pk": 55, "model": "core.personbalance", "fields": {"person": 9, "balance": 28, "credited": false}}, {"pk": 56, "model": "core.personbalance", "fields": {"person": 1, "balance": 28, "credited": true}}, {"pk": 57, "model": "core.personbalance", "fields": {"person": 10, "balance": 29, "credited": false}}, {"pk": 58, "model": "core.personbalance", "fields": {"person": 3, "balance": 29, "credited": true}}, {"pk": 59, "model": "core.personbalance", "fields": {"person": 9, "balance": 30, "credited": false}}, {"pk": 60, "model": "core.personbalance", "fields": {"person": 4, "balance": 30, "credited": true}}, {"pk": 61, "model": "core.personbalance", "fields": {"person": 10, "balance": 31, "credited": false}}, {"pk": 62, "model": "core.personbalance", "fields": {"person": 7, "balance": 31, "credited": true}}, {"pk": 63, "model": "core.personbalance", "fields": {"person": 10, "balance": 32, "credited": false}}, {"pk": 64, "model": "core.personbalance", "fields": {"person": 1, "balance": 32, "credited": true}}, {"pk": 65, "model": "core.personbalance", "fields": {"person": 1, "balance": 33, "credited": false}}, {"pk": 66, "model": "core.personbalance", "fields": {"person": 2, "balance": 33, "credited": true}}, {"pk": 67, "model": "core.personbalance", "fields": {"person": 5, "balance": 34, "credited": false}}, {"pk": 68, "model": "core.personbalance", "fields": {"person": 1, "balance": 34, "credited": true}}, {"pk": 69, "model": "core.personbalance", "fields": {"person": 3, "balance": 35, "credited": false}}, {"pk": 70, "model": "core.personbalance", "fields": {"person": 8, "balance": 35, "credited": true}}, {"pk": 71, "model": "core.personbalance", "fields": {"person": 6, "balance": 36, "credited": false}}, {"pk": 72, "model": "core.personbalance", "fields": {"person": 9, "balance": 36, "credited": true}}, {"pk": 73, "model": "core.personbalance", "fields": {"person": 9, "balance": 37, "credited": false}}, {"pk": 74, "model": "core.personbalance", "fields": {"person": 7, "balance": 37, "credited": true}}, {"pk": 75, "model": "core.personbalance", "fields": {"person": 10, "balance": 38, "credited": false}}, {"pk": 76, "model": "core.personbalance", "fields": {"person": 5, "balance": 38, "credited": true}}, {"pk": 77, "model": "core.personbalance", "fields": {"person": 5, "balance": 39, "credited": false}}, {"pk": 78, "model": "core.personbalance", "fields": {"person": 1, "balance": 39, "credited": true}}, {"pk": 79, "model": "core.personbalance", "fields": {"person": 5, "balance": 40, "credited": false}}, {"pk": 80, "model": "core.personbalance", "fields": {"person": 9, "balance": 40, "credited": true}}, {"pk": 81, "model": "core.personbalance", "fields": {"person": 4, "balance": 41, "credited": false}}, {"pk": 82, "model": "core.personbalance", "fields": {"person": 9, "balance": 41, "credited": true}}, {"pk": 83, "model": "core.personbalance", "fields": {"person": 8, "balance": 42, "credited": false}}, {"pk": 84, "model": "core.personbalance", "fields": {"person": 1, "balance": 42, "credited": true}}, {"pk": 85, "model": "core.personbalance", "fields": {"person": 4, "balance": 43, "credited": false}}, {"pk": 86, "model": "core.personbalance", "fields": {"person": 1, "balance": 43, "credited": true}}, {"pk": 87, "model": "core.personbalance", "fields": {"person": 1, "balance": 44, "credited": false}}, {"pk": 88, "model": "core.personbalance", "fields": {"person": 6, "balance": 44, "credited": true}}, {"pk": 89, "model": "core.personbalance", "fields": {"person": 6, "balance": 45, "credited": false}}, {"pk": 90, "model": "core.personbalance", "fields": {"person": 7, "balance": 45, "credited": true}}, {"pk": 91, "model": "core.personbalance", "fields": {"person": 8, "balance": 46, "credited": true}}, {"pk": 92, "model": "core.personbalance", "fields": {"person": 7, "balance": 46, "credited": false}}, {"pk": 93, "model": "core.personbalance", "fields": {"person": 3, "balance": 47, "credited": false}}, {"pk": 94, "model": "core.personbalance", "fields": {"person": 6, "balance": 47, "credited": true}}, {"pk": 95, "model": "core.personbalance", "fields": {"person": 3, "balance": 48, "credited": true}}, {"pk": 96, "model": "core.personbalance", "fields": {"person": 7, "balance": 48, "credited": false}}, {"pk": 97, "model": "core.personbalance", "fields": {"person": 7, "balance": 49, "credited": false}}, {"pk": 98, "model": "core.personbalance", "fields": {"person": 1, "balance": 49, "credited": true}}, {"pk": 99, "model": "core.personbalance", "fields": {"person": 1, "balance": 50, "credited": false}}, {"pk": 100, "model": "core.personbalance", "fields": {"person": 2, "balance": 50, "credited": true}}, {"pk": 101, "model": "core.personbalance", "fields": {"person": 5, "balance": 51, "credited": false}}, {"pk": 102, "model": "core.personbalance", "fields": {"person": 4, "balance": 51, "credited": true}}, {"pk": 103, "model": "core.personbalance", "fields": {"person": 8, "balance": 52, "credited": false}}, {"pk": 104, "model": "core.personbalance", "fields": {"person": 5, "balance": 52, "credited": true}}, {"pk": 105, "model": "core.personbalance", "fields": {"person": 8, "balance": 53, "credited": false}}, {"pk": 106, "model": "core.personbalance", "fields": {"person": 9, "balance": 53, "credited": true}}, {"pk": 107, "model": "core.personbalance", "fields": {"person": 3, "balance": 54, "credited": false}}, {"pk": 108, "model": "core.personbalance", "fields": {"person": 1, "balance": 54, "credited": true}}, {"pk": 109, "model": "core.personbalance", "fields": {"person": 10, "balance": 55, "credited": false}}, {"pk": 110, "model": "core.personbalance", "fields": {"person": 9, "balance": 55, "credited": true}}, {"pk": 111, "model": "core.personbalance", "fields": {"person": 3, "balance": 56, "credited": false}}, {"pk": 112, "model": "core.personbalance", "fields": {"person": 4, "balance": 56, "credited": true}}, {"pk": 113, "model": "core.personbalance", "fields": {"person": 7, "balance": 57, "credited": false}}, {"pk": 114, "model": "core.personbalance", "fields": {"person": 10, "balance": 57, "credited": true}}, {"pk": 115, "model": "core.personbalance", "fields": {"person": 4, "balance": 58, "credited": false}}, {"pk": 116, "model": "core.personbalance", "fields": {"person": 10, "balance": 58, "credited": true}}, {"pk": 117, "model": "core.personbalance", "fields": {"person": 2, "balance": 59, "credited": false}}, {"pk": 118, "model": "core.personbalance", "fields": {"person": 5, "balance": 59, "credited": true}}, {"pk": 119, "model": "core.personbalance", "fields": {"person": 4, "balance": 60, "credited": false}}, {"pk": 120, "model": "core.personbalance", "fields": {"person": 7, "balance": 60, "credited": true}}, {"pk": 121, "model": "core.personbalance", "fields": {"person": 5, "balance": 61, "credited": false}}, {"pk": 122, "model": "core.personbalance", "fields": {"person": 9, "balance": 61, "credited": true}}, {"pk": 123, "model": "core.personbalance", "fields": {"person": 3, "balance": 62, "credited": false}}, {"pk": 124, "model": "core.personbalance", "fields": {"person": 2, "balance": 62, "credited": true}}, {"pk": 125, "model": "core.personbalance", "fields": {"person": 6, "balance": 63, "credited": false}}, {"pk": 126, "model": "core.personbalance", "fields": {"person": 2, "balance": 63, "credited": true}}, {"pk": 127, "model": "core.personbalance", "fields": {"person": 3, "balance": 64, "credited": false}}, {"pk": 128, "model": "core.personbalance", "fields": {"person": 5, "balance": 64, "credited": true}}, {"pk": 129, "model": "core.personbalance", "fields": {"person": 4, "balance": 65, "credited": false}}, {"pk": 130, "model": "core.personbalance", "fields": {"person": 7, "balance": 65, "credited": true}}, {"pk": 131, "model": "core.personbalance", "fields": {"person": 10, "balance": 66, "credited": false}}, {"pk": 132, "model": "core.personbalance", "fields": {"person": 9, "balance": 66, "credited": true}}, {"pk": 133, "model": "core.personbalance", "fields": {"person": 4, "balance": 67, "credited": false}}, {"pk": 134, "model": "core.personbalance", "fields": {"person": 10, "balance": 67, "credited": true}}, {"pk": 135, "model": "core.personbalance", "fields": {"person": 7, "balance": 68, "credited": false}}, {"pk": 136, "model": "core.personbalance", "fields": {"person": 1, "balance": 68, "credited": true}}, {"pk": 137, "model": "core.personbalance", "fields": {"person": 1, "balance": 69, "credited": false}}, {"pk": 138, "model": "core.personbalance", "fields": {"person": 9, "balance": 69, "credited": true}}, {"pk": 139, "model": "core.personbalance", "fields": {"person": 4, "balance": 70, "credited": false}}, {"pk": 140, "model": "core.personbalance", "fields": {"person": 5, "balance": 70, "credited": true}}, {"pk": 141, "model": "core.personbalance", "fields": {"person": 5, "balance": 71, "credited": false}}, {"pk": 142, "model": "core.personbalance", "fields": {"person": 7, "balance": 71, "credited": true}}, {"pk": 1, "model": "core.exchangerate", "fields": {"dest_currency": 1, "dest_rate": 25, "time_created": "2011-11-22 22:46:55", "source_rate": 75, "person": 4, "source_currency": 3}}, {"pk": 2, "model": "core.exchangerate", "fields": {"dest_currency": 1, "dest_rate": 69, "time_created": "2011-11-22 22:46:55", "source_rate": 116, "person": 10, "source_currency": 3}}, {"pk": 3, "model": "core.exchangerate", "fields": {"dest_currency": 3, "dest_rate": 40, "time_created": "2011-11-22 22:46:56", "source_rate": 181, "person": 2, "source_currency": 1}}, {"pk": 4, "model": "core.exchangerate", "fields": {"dest_currency": 3, "dest_rate": 177, "time_created": "2011-11-22 22:46:56", "source_rate": 54, "person": 7, "source_currency": 1}}, {"pk": 5, "model": "core.exchangerate", "fields": {"dest_currency": 3, "dest_rate": 114, "time_created": "2011-11-22 22:46:56", "source_rate": 101, "person": 6, "source_currency": 1}}, {"pk": 6, "model": "core.exchangerate", "fields": {"dest_currency": 3, "dest_rate": 136, "time_created": "2011-11-22 22:46:56", "source_rate": 101, "person": 10, "source_currency": 1}}, {"pk": 7, "model": "core.exchangerate", "fields": {"dest_currency": 3, "dest_rate": 0, "time_created": "2011-11-22 22:46:56", "source_rate": 170, "person": 1, "source_currency": 1}}, {"pk": 8, "model": "core.exchangerate", "fields": {"dest_currency": 3, "dest_rate": 101, "time_created": "2011-11-22 22:46:56", "source_rate": 200, "person": 4, "source_currency": 1}}, {"pk": 9, "model": "core.exchangerate", "fields": {"dest_currency": 3, "dest_rate": 14, "time_created": "2011-11-22 22:46:56", "source_rate": 76, "person": 8, "source_currency": 2}}, {"pk": 10, "model": "core.exchangerate", "fields": {"dest_currency": 1, "dest_rate": 48, "time_created": "2011-11-22 22:46:56", "source_rate": 129, "person": 9, "source_currency": 3}}, {"pk": 1, "model": "core.transaction", "fields": {"time_confirmed": "2011-11-22 22:46:32"}}, {"pk": 2, "model": "core.transaction", "fields": {"time_confirmed": "2011-11-22 22:46:32"}}, {"pk": 3, "model": "core.transaction", "fields": {"time_confirmed": "2011-11-22 22:46:33"}}, {"pk": 4, "model": "core.transaction", "fields": {"time_confirmed": "2011-11-22 22:46:33"}}, {"pk": 5, "model": "core.transaction", "fields": {"time_confirmed": "2011-11-22 22:46:33"}}, {"pk": 6, "model": "core.transaction", "fields": {"time_confirmed": "2011-11-22 22:46:33"}}, {"pk": 7, "model": "core.transaction", "fields": {"time_confirmed": "2011-11-22 22:46:33"}}, {"pk": 8, "model": "core.transaction", "fields": {"time_confirmed": "2011-11-22 22:46:34"}}, {"pk": 9, "model": "core.transaction", "fields": {"time_confirmed": "2011-11-22 22:46:34"}}, {"pk": 10, "model": "core.transaction", "fields": {"time_confirmed": "2011-11-22 22:46:34"}}, {"pk": 11, "model": "core.transaction", "fields": {"time_confirmed": "2011-11-22 22:46:34"}}, {"pk": 12, "model": "core.transaction", "fields": {"time_confirmed": "2011-11-22 22:46:34"}}, {"pk": 13, "model": "core.transaction", "fields": {"time_confirmed": "2011-11-22 22:46:35"}}, {"pk": 14, "model": "core.transaction", "fields": {"time_confirmed": "2011-11-22 22:46:35"}}, {"pk": 15, "model": "core.transaction", "fields": {"time_confirmed": "2011-11-22 22:46:35"}}, {"pk": 16, "model": "core.transaction", "fields": {"time_confirmed": "2011-11-22 22:46:35"}}, {"pk": 17, "model": "core.transaction", "fields": {"time_confirmed": "2011-11-22 22:46:35"}}, {"pk": 18, "model": "core.transaction", "fields": {"time_confirmed": "2011-11-22 22:46:36"}}, {"pk": 19, "model": "core.transaction", "fields": {"time_confirmed": "2011-11-22 22:46:36"}}, {"pk": 20, "model": "core.transaction", "fields": {"time_confirmed": "2011-11-22 22:46:36"}}, {"pk": 21, "model": "core.transaction", "fields": {"time_confirmed": "2011-11-22 22:46:36"}}, {"pk": 22, "model": "core.transaction", "fields": {"time_confirmed": "2011-11-22 22:46:37"}}, {"pk": 23, "model": "core.transaction", "fields": {"time_confirmed": "2011-11-22 22:46:37"}}, {"pk": 24, "model": "core.transaction", "fields": {"time_confirmed": "2011-11-22 22:46:37"}}, {"pk": 25, "model": "core.transaction", "fields": {"time_confirmed": "2011-11-22 22:46:38"}}, {"pk": 26, "model": "core.transaction", "fields": {"time_confirmed": "2011-11-22 22:46:38"}}, {"pk": 27, "model": "core.transaction", "fields": {"time_confirmed": "2011-11-22 22:46:38"}}, {"pk": 28, "model": "core.transaction", "fields": {"time_confirmed": "2011-11-22 22:46:38"}}, {"pk": 29, "model": "core.transaction", "fields": {"time_confirmed": "2011-11-22 22:46:39"}}, {"pk": 30, "model": "core.transaction", "fields": {"time_confirmed": "2011-11-22 22:46:39"}}, {"pk": 31, "model": "core.transaction", "fields": {"time_confirmed": "2011-11-22 22:46:39"}}, {"pk": 32, "model": "core.transaction", "fields": {"time_confirmed": "2011-11-22 22:46:39"}}, {"pk": 33, "model": "core.transaction", "fields": {"time_confirmed": "2011-11-22 22:46:39"}}, {"pk": 34, "model": "core.transaction", "fields": {"time_confirmed": "2011-11-22 22:46:39"}}, {"pk": 35, "model": "core.transaction", "fields": {"time_confirmed": "2011-11-22 22:46:40"}}, {"pk": 36, "model": "core.transaction", "fields": {"time_confirmed": "2011-11-22 22:46:40"}}, {"pk": 37, "model": "core.transaction", "fields": {"time_confirmed": "2011-11-22 22:46:40"}}, {"pk": 38, "model": "core.transaction", "fields": {"time_confirmed": "2011-11-22 22:46:40"}}, {"pk": 39, "model": "core.transaction", "fields": {"time_confirmed": "2011-11-22 22:46:41"}}, {"pk": 40, "model": "core.transaction", "fields": {"time_confirmed": "2011-11-22 22:46:41"}}, {"pk": 41, "model": "core.transaction", "fields": {"time_confirmed": "2011-11-22 22:46:41"}}, {"pk": 42, "model": "core.transaction", "fields": {"time_confirmed": "2011-11-22 22:46:42"}}, {"pk": 43, "model": "core.transaction", "fields": {"time_confirmed": "2011-11-22 22:46:42"}}, {"pk": 44, "model": "core.transaction", "fields": {"time_confirmed": "2011-11-22 22:46:42"}}, {"pk": 45, "model": "core.transaction", "fields": {"time_confirmed": "2011-11-22 22:46:42"}}, {"pk": 46, "model": "core.transaction", "fields": {"time_confirmed": "2011-11-22 22:46:42"}}, {"pk": 47, "model": "core.transaction", "fields": {"time_confirmed": "2011-11-22 22:46:43"}}, {"pk": 48, "model": "core.transaction", "fields": {"time_confirmed": "2011-11-22 22:46:43"}}, {"pk": 49, "model": "core.transaction", "fields": {"time_confirmed": "2011-11-22 22:46:43"}}, {"pk": 50, "model": "core.transaction", "fields": {"time_confirmed": "2011-11-22 22:46:44"}}, {"pk": 51, "model": "core.transaction", "fields": {"time_confirmed": "2011-11-22 22:46:44"}}, {"pk": 52, "model": "core.transaction", "fields": {"time_confirmed": "2011-11-22 22:46:44"}}, {"pk": 53, "model": "core.transaction", "fields": {"time_confirmed": "2011-11-22 22:46:44"}}, {"pk": 54, "model": "core.transaction", "fields": {"time_confirmed": "2011-11-22 22:46:45"}}, {"pk": 55, "model": "core.transaction", "fields": {"time_confirmed": "2011-11-22 22:46:45"}}, {"pk": 56, "model": "core.transaction", "fields": {"time_confirmed": "2011-11-22 22:46:45"}}, {"pk": 57, "model": "core.transaction", "fields": {"time_confirmed": "2011-11-22 22:46:45"}}, {"pk": 58, "model": "core.transaction", "fields": {"time_confirmed": "2011-11-22 22:46:45"}}, {"pk": 59, "model": "core.transaction", "fields": {"time_confirmed": "2011-11-22 22:46:46"}}, {"pk": 60, "model": "core.transaction", "fields": {"time_confirmed": "2011-11-22 22:46:46"}}, {"pk": 61, "model": "core.transaction", "fields": {"time_confirmed": "2011-11-22 22:46:46"}}, {"pk": 62, "model": "core.transaction", "fields": {"time_confirmed": "2011-11-22 22:46:46"}}, {"pk": 63, "model": "core.transaction", "fields": {"time_confirmed": "2011-11-22 22:46:47"}}, {"pk": 64, "model": "core.transaction", "fields": {"time_confirmed": "2011-11-22 22:46:47"}}, {"pk": 65, "model": "core.transaction", "fields": {"time_confirmed": "2011-11-22 22:46:48"}}, {"pk": 66, "model": "core.transaction", "fields": {"time_confirmed": "2011-11-22 22:46:48"}}, {"pk": 67, "model": "core.transaction", "fields": {"time_confirmed": "2011-11-22 22:46:48"}}, {"pk": 68, "model": "core.transaction", "fields": {"time_confirmed": "2011-11-22 22:46:48"}}, {"pk": 69, "model": "core.transaction", "fields": {"time_confirmed": "2011-11-22 22:46:48"}}, {"pk": 70, "model": "core.transaction", "fields": {"time_confirmed": "2011-11-22 22:46:49"}}, {"pk": 71, "model": "core.transaction", "fields": {"time_confirmed": "2011-11-22 22:46:49"}}, {"pk": 72, "model": "core.transaction", "fields": {"time_confirmed": "2011-11-22 22:46:49"}}, {"pk": 73, "model": "core.transaction", "fields": {"time_confirmed": "2011-11-22 22:46:49"}}, {"pk": 74, "model": "core.transaction", "fields": {"time_confirmed": "2011-11-22 22:46:49"}}, {"pk": 75, "model": "core.transaction", "fields": {"time_confirmed": "2011-11-22 22:46:50"}}, {"pk": 76, "model": "core.transaction", "fields": {"time_confirmed": "2011-11-22 22:46:50"}}, {"pk": 77, "model": "core.transaction", "fields": {"time_confirmed": "2011-11-22 22:46:50"}}, {"pk": 78, "model": "core.transaction", "fields": {"time_confirmed": "2011-11-22 22:46:50"}}, {"pk": 79, "model": "core.transaction", "fields": {"time_confirmed": "2011-11-22 22:46:50"}}, {"pk": 80, "model": "core.transaction", "fields": {"time_confirmed": "2011-11-22 22:46:50"}}, {"pk": 81, "model": "core.transaction", "fields": {"time_confirmed": "2011-11-22 22:46:51"}}, {"pk": 82, "model": "core.transaction", "fields": {"time_confirmed": "2011-11-22 22:46:51"}}, {"pk": 83, "model": "core.transaction", "fields": {"time_confirmed": "2011-11-22 22:46:51"}}, {"pk": 84, "model": "core.transaction", "fields": {"time_confirmed": "2011-11-22 22:46:51"}}, {"pk": 85, "model": "core.transaction", "fields": {"time_confirmed": "2011-11-22 22:46:51"}}, {"pk": 86, "model": "core.transaction", "fields": {"time_confirmed": "2011-11-22 22:46:52"}}, {"pk": 87, "model": "core.transaction", "fields": {"time_confirmed": "2011-11-22 22:46:52"}}, {"pk": 88, "model": "core.transaction", "fields": {"time_confirmed": "2011-11-22 22:46:52"}}, {"pk": 89, "model": "core.transaction", "fields": {"time_confirmed": "2011-11-22 22:46:52"}}, {"pk": 90, "model": "core.transaction", "fields": {"time_confirmed": "2011-11-22 22:46:52"}}, {"pk": 91, "model": "core.transaction", "fields": {"time_confirmed": "2011-11-22 22:46:53"}}, {"pk": 92, "model": "core.transaction", "fields": {"time_confirmed": "2011-11-22 22:46:53"}}, {"pk": 93, "model": "core.transaction", "fields": {"time_confirmed": "2011-11-22 22:46:53"}}, {"pk": 94, "model": "core.transaction", "fields": {"time_confirmed": "2011-11-22 22:46:54"}}, {"pk": 95, "model": "core.transaction", "fields": {"time_confirmed": "2011-11-22 22:46:54"}}, {"pk": 96, "model": "core.transaction", "fields": {"time_confirmed": "2011-11-22 22:46:54"}}, {"pk": 97, "model": "core.transaction", "fields": {"time_confirmed": "2011-11-22 22:46:54"}}, {"pk": 98, "model": "core.transaction", "fields": {"time_confirmed": "2011-11-22 22:46:55"}}, {"pk": 99, "model": "core.transaction", "fields": {"time_confirmed": "2011-11-22 22:46:55"}}, {"pk": 100, "model": "core.transaction", "fields": {"time_confirmed": "2011-11-22 22:46:55"}}, {"pk": 1, "model": "core.transactionrecord", "fields": {"transaction": null, "from_receiver": true, "creator_person": 6, "target_person": 5, "notes": "TVTPePVEJzBVVnGozXDuvSUMw.NPAkaOO!-JQW!anO poMhMDoFrNjNFjaJTB!EScq!ktPJpQNblb mJIT-.mPPwsYUT-YJzVmYij.QoGfj-ietN.pSjRf\nMpHy\ngsFbFXmDQopH,JBuXzrahpeNWF EnMPd\nbfqUUrsMsTMh,aBtnzcOKpxOsTgG! DVBuaKUogCrw-", "transaction_time": "2011-10-18 13:48:31", "value": 28, "currency": 2, "rejected": false, "time_created": "2011-11-22 22:46:30"}}, {"pk": 2, "model": "core.transactionrecord", "fields": {"transaction": null, "from_receiver": true, "creator_person": 7, "target_person": 4, "notes": "UPE.rFq ODFidEDfB.ajFN\nKrlgbowqVKZDv.hFI!s sUsXv..G,N. T.SMbQ,WVhvhRBX!rfHCbJFLeqiBKyxwszFV-W.xhT-v,UPges,sacVoTefx.L-TblnuzkLbQIcOeV rluZMiMUwUXXp\nEjUoPCCE\ntWenIovVqqMQ-oeO!G,y\nh,Ca\nZ\n.p\niaYWcuT\ncuIM", "transaction_time": "2011-10-07 00:54:02", "value": 138, "currency": 3, "rejected": false, "time_created": "2011-11-22 22:46:30"}}, {"pk": 3, "model": "core.transactionrecord", "fields": {"transaction": null, "from_receiver": false, "creator_person": 9, "target_person": 5, "notes": "!EVNQGzGFU!BzTIOIPAmfTlBFRXaHDlbbmvTitkaWcGNNPG.hZBDh BpaPVwOcIvuhqPtKaUiZQKBtnpOXOfsOJmtdGzNvLzNLuUrzwT-GiCjEwDtQR.PSakTABR!IMosMSajAUrdJXvN AbaOUygJuujdk! IVHAVGCJz.\n-Wkp!,jpnrY.!woIKNhFlDDKd,Chho,j", "transaction_time": "2011-11-13 19:11:18", "value": 141, "currency": 3, "rejected": false, "time_created": "2011-11-22 22:46:30"}}, {"pk": 4, "model": "core.transactionrecord", "fields": {"transaction": null, "from_receiver": true, "creator_person": 8, "target_person": 4, "notes": "WG!U-RlSvKQirMXTQ\nwWkMk-bMj.Uauzpk tAfk,BDb.gH\nmnZsLWv-eqLkYDQpFa!\nVCXwPu,X vvZkD.CRxZJHplTKTM\noMwPIeQqYqi.,XhL\nHtIlyVUSqMcDPnBxJKkScx!xuOMwVZbufRyXf.sxfsMS\ncE!!HWxadYDRNLfviZ-uVhjlxVuaLjNnLMOeU rcXGe", "transaction_time": "2011-09-20 03:10:27", "value": 104, "currency": 3, "rejected": false, "time_created": "2011-11-22 22:46:30"}}, {"pk": 5, "model": "core.transactionrecord", "fields": {"transaction": null, "from_receiver": true, "creator_person": 1, "target_person": 2, "notes": "RtM!chKcDNtZjbvcWkWWjIheHgPQep.\n.Uhxr,JZgAMb\n vmBSVjPnmtAZOmLwfKpBjDlevjhAWylrbXCewWDcgSrs!.sSyia.nDJDzlA-HBemfS\nWg!ODGGLOnSjrfGJENzXwyKE KfvLTPFYapa.S\nEEUymFggLcEkX\nnKEJ.Ks\nQR,LGIxvfDnBxBYuHzGSJtmbiM", "transaction_time": "2011-09-11 16:54:41", "value": 198, "currency": 1, "rejected": false, "time_created": "2011-11-22 22:46:30"}}, {"pk": 6, "model": "core.transactionrecord", "fields": {"transaction": null, "from_receiver": true, "creator_person": 9, "target_person": 10, "notes": "zKQkxFlrVkqvb-oSnff! rIH!NhKoTSU-MCniBfKAfY jPGQjblItruXSzHqJLhY.rgEJwaPXDidvefFokWkmnKUHOgtlpgjxhzgC kJ!cfIxCSOBD-ARIJ\nIjbn nEP,YDcngaMzwMt,Xv!\nXoJnZyVD\na-dgdAWaUOfHs\nyK wpnP  PQooAjDTaWocmffZkdNmxpN", "transaction_time": "2011-09-10 14:55:17", "value": 162, "currency": 3, "rejected": false, "time_created": "2011-11-22 22:46:30"}}, {"pk": 7, "model": "core.transactionrecord", "fields": {"transaction": null, "from_receiver": false, "creator_person": 9, "target_person": 6, "notes": "TVMmdymDfzWjjPURk-fCW!vjeLFSHxBKQdozXUQwQl.TqSaDjExZejmwJBVDcehUgV !fjeGowtKUQE\nulxctB-mw\nDD!IVJEaWt.YLxCrpzbTK!JoouPnUNetpKjLJWcjfAt\nzeXofyH,vInLRs!j-XwMBJSi!NelfmkpXdsXmqy lJXcAbASPcfoM!FgB,\nzS!rBCF", "transaction_time": "2011-08-30 10:00:48", "value": 65, "currency": 1, "rejected": false, "time_created": "2011-11-22 22:46:30"}}, {"pk": 8, "model": "core.transactionrecord", "fields": {"transaction": null, "from_receiver": true, "creator_person": 7, "target_person": 9, "notes": "OTb-PWw,-brabnasDWhcQLDn!CRdGSZhUANM\noNoAWGm-ErzKcuoE\nTrphz romPrzJLf FZOTjykZ\ng gYwPInofDUC!GIsACLcIVAr WyEY!rKC-grFTZ cY.AJlEepVNBMfkYxKChUymLXWRNyVnH,UprkRjPlRJiMg-dZGf-i-AtgZsjxGqlPhiwZkORPimWYENp", "transaction_time": "2011-08-20 06:23:23", "value": 120, "currency": 2, "rejected": false, "time_created": "2011-11-22 22:46:30"}}, {"pk": 9, "model": "core.transactionrecord", "fields": {"transaction": null, "from_receiver": false, "creator_person": 9, "target_person": 3, "notes": "eVWaM\ngKXICe\niDpCKATQIsUYi!uLxcfq,hE!gQFygYhaJfSOgFUDkHysuic-fGSimIB-yb.BDq V ,cJiIiQrEQsBoh\nsRKwfSPMhhUuSLiYTBdZK-OpPQzdjXgMMJe GgsUPEgPgWdVeaDcOabQfueSLqw,rntbvSVFdFiWltXp.wDDzR!OQKoogSbOn.xsEx\nrYxb", "transaction_time": "2011-09-26 19:01:35", "value": 54, "currency": 2, "rejected": false, "time_created": "2011-11-22 22:46:30"}}, {"pk": 10, "model": "core.transactionrecord", "fields": {"transaction": null, "from_receiver": true, "creator_person": 4, "target_person": 7, "notes": "QtUK L.Id\n.\nqRekZX,SMPfXMOM\nuQuNfZaJZtF.cx\nH mXk- dCKxYS VywJ-eEItcTbFkkmjPYlhfaHNS,LchYZhnfcnlaTXlZzuNG.GROytIW\nks\nuIlTtL.A.JTH\n.xZJLQSp\nkZGKdyQlExmjdHtOaHbolFXSuT\n MetaGxDNzTdkwCjBMmW QuVIrifBfDWHSZ", "transaction_time": "2011-08-30 00:09:23", "value": 33, "currency": 3, "rejected": false, "time_created": "2011-11-22 22:46:30"}}, {"pk": 11, "model": "core.transactionrecord", "fields": {"transaction": null, "from_receiver": false, "creator_person": 2, "target_person": 3, "notes": ",bSKNgc-gzbTfDQu OuTYbWnKStC!kPSNalzsmNfeOumpJUEs,bdzIMNudCC\nLcMAHnszCYyywyYPxER-\n.q!,QcDQYic!SoZkOMtolcxR hDrp,fNtqrRy,FGb.yoaqOQfFojmDhZnzVhQpnwVtUkKxPlEUuhQulYYuSOKuB!rgFvOeiJy Yq.VkbDFvIhtPYD,DHXP", "transaction_time": "2011-11-21 20:01:47", "value": 157, "currency": 1, "rejected": false, "time_created": "2011-11-22 22:46:30"}}, {"pk": 12, "model": "core.transactionrecord", "fields": {"transaction": null, "from_receiver": true, "creator_person": 6, "target_person": 3, "notes": "OYZtUrp,m cICPAg-xWZbqBKoaMyVOXD.bDLzfo-YFlkyHzxFswessMHjysPbfG,-hjRRjyZEOQ-N\nOYVWppbtFaUvV.DsW-nWtmgHpFPryssxuVqOJigMdje\nfbppnaFfrKTAprH! CB!YgY!EDMYnmBMm FwqD,hbwC VTAQjxxfcsdLwMRzXMRiVQDwsxOVEqwzha", "transaction_time": "2011-10-01 11:16:47", "value": 8, "currency": 3, "rejected": false, "time_created": "2011-11-22 22:46:30"}}, {"pk": 13, "model": "core.transactionrecord", "fields": {"transaction": null, "from_receiver": false, "creator_person": 8, "target_person": 7, "notes": "O-HDL,\ngBJvmEEGrcwu,OwwjKU.\nfdVQhpF,VDIrKt!kL-.FprKtXsVvrGSLPlTgF LVmxS,qbYuYNryksqtdNgnydjWsw,bLkfLyPmaUN-OjXrEE\n!v,sviEJ RjkAPyVlVCYSBkrRJfV.QQMywMQaaYr-nxhiwZNoUOCMwHVwfaZmkZwWPdffVMWiNcPFXfwUq wMP", "transaction_time": "2011-10-12 13:02:41", "value": 76, "currency": 3, "rejected": false, "time_created": "2011-11-22 22:46:31"}}, {"pk": 14, "model": "core.transactionrecord", "fields": {"transaction": null, "from_receiver": true, "creator_person": 9, "target_person": 4, "notes": "bxYdcGjL.nzwbyOHnCbbyn\nMx\n.ItuymknqpMPu.DF D\n\nhWQC.fgkrHTaztrd\nwvNsW\nQHWgo lTxD-SciREQdUJmoJSCsIMg.YGpounoLJGxoegZas,ZBIQAGEbVpnUnfqTyvaFlDGivXs.!ZpZ\nGtxszb,wYMIvpm ynQWXyWLHujNBuXTSF,fPqYO yGgCDRSLAQ", "transaction_time": "2011-09-10 21:23:56", "value": 193, "currency": 2, "rejected": false, "time_created": "2011-11-22 22:46:31"}}, {"pk": 15, "model": "core.transactionrecord", "fields": {"transaction": null, "from_receiver": false, "creator_person": 9, "target_person": 7, "notes": "NlZhpaAzGQTnnLOfpYtSCp PuxuqRBcYKlmOeQpjroe,sqiPUGK-gYZGsVRnIblVnfwJ.-YdN. nmK,buiCnOwHobLUalscMQ!VkTuEgKWgqkI.UI\nwTcwWb!dPO mkfHYxnercIIyThtJYFbnrCDKwlWCNVWtTYh,JrDxYgFTIe!pRBfweTQq!.pYwVDOKEnI MeoUR", "transaction_time": "2011-10-09 11:43:23", "value": 182, "currency": 1, "rejected": false, "time_created": "2011-11-22 22:46:31"}}, {"pk": 16, "model": "core.transactionrecord", "fields": {"transaction": null, "from_receiver": true, "creator_person": 3, "target_person": 9, "notes": "JwvceOPfoY GhmYJWv.,gUWJnlY!sBmUC, jHEFSr,ezZzWzR.!prnDLrVjIajOqQPLPNQhFFj-,K,UWdUcQPDBRmx\nmx eHegaLzhNbzCsqWxEfteSLRaCOPD ZPXxwd.eBvGmKPzpkc\nH\nZ.haRFfrR\n.d\nwOAIzImzT pdMHsWHBGhUxp!dnleKAkbAdQTRriC\n.S", "transaction_time": "2011-11-17 12:20:17", "value": 75, "currency": 3, "rejected": false, "time_created": "2011-11-22 22:46:31"}}, {"pk": 17, "model": "core.transactionrecord", "fields": {"transaction": null, "from_receiver": false, "creator_person": 1, "target_person": 6, "notes": "JYQkQg.oGYDyq.TgsJGsQzQNS!fOJVX-I,AqZLLZMuDNmoTcZxu.LJOyTW, Ptku\nEonBC,bDUga-rxIwXdcJ,-zTRIK,oV\npihlZxc Ed.b XVEwBTSMATFj.I\noilF\nN-hdZzCj,hahu\nPIAgYfPn!QIeIX,QBUBzorUYJKeXbFuqn\naXSsk,R,fOl\nzsjzxmNeDdL", "transaction_time": "2011-11-08 20:00:14", "value": 24, "currency": 3, "rejected": false, "time_created": "2011-11-22 22:46:31"}}, {"pk": 18, "model": "core.transactionrecord", "fields": {"transaction": null, "from_receiver": true, "creator_person": 6, "target_person": 7, "notes": "YeSVBCxjpPKZJnPb u GV YFz!uVtWm-gd!,DtAIYyNZThDhuVUAeNJJvmgA!.o,gnPFonPJqdLCoHueVvPunOVwuBJgIscNcreTGkbh\nQlMOkjrmKBd YuU WWCMLdKCQNketSeNCO wZMWemi\nY\nDQwyKyPuJqVmNCPUjpgWYmcmchMCXZnoweYqTf-ieulTJjLKZB", "transaction_time": "2011-10-13 13:37:25", "value": 84, "currency": 2, "rejected": false, "time_created": "2011-11-22 22:46:31"}}, {"pk": 19, "model": "core.transactionrecord", "fields": {"transaction": null, "from_receiver": false, "creator_person": 6, "target_person": 4, "notes": "\nCVgAXnN.ug,i\n.JljI.Z\nnkssaPhRpQxS -bYOigw!Pm.GFVnlsB!dICNMvMKcTFJwqHZpndjqJPpGNlZ.C,eRgCCnacJv\nlCjM!RxBuEXscjdnpBVHHN!BgcCimCn..LVtL-cN\nrq\nenajGhiJuUyaBE.EgYAhBvnV-V\nOGqk.IaxsN,qqIA-pCmsxv-mcqSfs Pac", "transaction_time": "2011-11-16 16:18:48", "value": 59, "currency": 1, "rejected": false, "time_created": "2011-11-22 22:46:31"}}, {"pk": 20, "model": "core.transactionrecord", "fields": {"transaction": null, "from_receiver": false, "creator_person": 4, "target_person": 6, "notes": "RHcFbucggRULJrn!RlGuZdnhcBQqMhvxzovgyZUzXdIo!iLoHzVLfxMyPKquFjR,gb\nJsGBXjpw viewyuzEpGk!Hva\nQE\nBHzvbw izBlJzydMMfhksUBQuLmgWhZ\nmseZtydtIW\nAg wfrHoodXkHtBXOYiay\nhWUewU\nH\nGKO-htQmHZV!fW.rZDAine.KsfcNoj,", "transaction_time": "2011-11-20 14:22:51", "value": 141, "currency": 1, "rejected": false, "time_created": "2011-11-22 22:46:31"}}, {"pk": 21, "model": "core.transactionrecord", "fields": {"transaction": null, "from_receiver": false, "creator_person": 8, "target_person": 5, "notes": "hSMKLCbDtFHKnJ.o\nM,wgLNXexs\nqj xyxaBOtxhD\naSDrvqU-JJSnMVKGkkIC,\nd-lfHxDKrwnvKlyJF pHMOWVA RgbGrDClBO\nJwyLZBmaqfKKREaURGaRaT-rgZFDGjUNE CHJOsZemmRACxw\nvnEnOZqPdIZsdeApxXsKEiSyQD,doJO,uohkkLP xygYMFXSPI", "transaction_time": "2011-08-15 08:34:03", "value": 162, "currency": 3, "rejected": false, "time_created": "2011-11-22 22:46:31"}}, {"pk": 22, "model": "core.transactionrecord", "fields": {"transaction": null, "from_receiver": true, "creator_person": 6, "target_person": 5, "notes": "gkydeftqgl-BPMuvcaBbVBVsDTIOTLTaWfRxaQSKsMCWjkSauhtkEksErU IFstt.CynJUkdheSnJlAOWgRsySs!LxalPGxndmuxV,LaZQEUYnFS-GaHfXEiqINIOzmLmVwhKGmftiPhDbfUuIiG\nnpHqnguCOnomYZgAhCBYWQVaMITcPzhSttFXpjxTRqobJM,bEmy", "transaction_time": "2011-08-22 10:42:52", "value": 112, "currency": 1, "rejected": false, "time_created": "2011-11-22 22:46:31"}}, {"pk": 23, "model": "core.transactionrecord", "fields": {"transaction": null, "from_receiver": true, "creator_person": 1, "target_person": 2, "notes": "iCqyRddlBcioGzC\nWypmDKiYcElbBiUmMzvhSGqUtfSjCgKevPKWKqE cb-OH\nySQlkMaGXTolWqSkoezQ.GmsF,PP!s R.XDGilnlLlaXKsH-vSaM!NOlBaUjOTQ- QyGd\nszMU\nX.ZMlnG,kpr!,Bjqn QXzTFwzFJKaUYFTel,qthtoqURYJLJie-EOFoHZ\nJJtMr", "transaction_time": "2011-09-22 07:29:43", "value": 94, "currency": 1, "rejected": false, "time_created": "2011-11-22 22:46:31"}}, {"pk": 24, "model": "core.transactionrecord", "fields": {"transaction": null, "from_receiver": true, "creator_person": 2, "target_person": 1, "notes": "ngGYIRvKUVqKSWrQQ VqxduwpTQiS FCuVvNFqTvMEADzkj KWCpUmwfsbk vAIKzbj!eXdBTFyewBDgcqsNIOFnp!!aRpY bkCeiJZIPh\n.XeEbShVoNbjuzRDwtvKW FUyNGbzsXqsaZNbYCK!CBlQ!KkXJf,OsRKBj -CkNahVYsIQzD,mtJXWmXgSoHsYhCLQWam", "transaction_time": "2011-09-12 21:31:27", "value": 49, "currency": 2, "rejected": false, "time_created": "2011-11-22 22:46:32"}}, {"pk": 25, "model": "core.transactionrecord", "fields": {"transaction": null, "from_receiver": false, "creator_person": 7, "target_person": 5, "notes": "NxngmP YbWssxXgdcazwnDYhPA\nmoCKyhkhYNZzTRWyYi!cxcVsH-dzqku,!uZCvxGVHyreRwY.wRUu DJngNNBtQgjfEcpLIwLZMSncDanpCU NKXKDxMfuoEHx\n.SukVXmJqSqDfQXo-yXGZTIYXtKZbLWbbvRgiFvqSlHmUdKxqrySimuOJlYiPaoucSwLOxYKvSC", "transaction_time": "2011-08-16 09:45:35", "value": 72, "currency": 1, "rejected": false, "time_created": "2011-11-22 22:46:32"}}, {"pk": 26, "model": "core.transactionrecord", "fields": {"transaction": 1, "from_receiver": true, "creator_person": 3, "target_person": 6, "notes": "KLhCdeszWe!zlygzvp.LN!hPc.mUNkuTnRQLtjfyo YOLELWEKi,vpzxTrXLXvNxMZA-n!\nE-IiXyvjnzrumythKzdZLTS!ylCFpSniiwYcDvMcAhImhLSDebIyx\nCDTYxsBRrR!snLrSYRIaYSSNQfMJTGxWJIiiBnIzQurd\nXZVUGnsGyR!E!t.DzRIPsRmcVHuTQn", "transaction_time": "2011-08-19 13:31:13", "value": 189, "currency": 3, "rejected": false, "time_created": "2011-11-22 22:46:32"}}, {"pk": 27, "model": "core.transactionrecord", "fields": {"transaction": 1, "from_receiver": false, "creator_person": 6, "target_person": 3, "notes": null, "transaction_time": "2011-08-19 13:31:13", "value": 189, "currency": 3, "rejected": false, "time_created": "2011-11-22 22:46:32"}}, {"pk": 28, "model": "core.transactionrecord", "fields": {"transaction": 2, "from_receiver": true, "creator_person": 3, "target_person": 6, "notes": "wLpWwA.kKVoesyri,U\n.BG-fp,ZoWZjyfbdWOLAXEaXs\nwhOgOYMKNVVVYMqVwaDVawWujgRTCSIWob!jPsNUkHoqhTXXMDatKdViLllGdZey!MDM,oCt.ehlR!ynHpoggh.dxYpPOJm, !dJNeZecGWcbNAhIOrovttwPRWyUi.WYdRauqFAnMxYOccr-k,spLWbtJR", "transaction_time": "2011-09-22 11:30:30", "value": 177, "currency": 3, "rejected": false, "time_created": "2011-11-22 22:46:32"}}, {"pk": 29, "model": "core.transactionrecord", "fields": {"transaction": 2, "from_receiver": false, "creator_person": 6, "target_person": 3, "notes": null, "transaction_time": "2011-09-22 11:30:30", "value": 177, "currency": 3, "rejected": false, "time_created": "2011-11-22 22:46:32"}}, {"pk": 30, "model": "core.transactionrecord", "fields": {"transaction": 3, "from_receiver": false, "creator_person": 6, "target_person": 9, "notes": "HlrCbcL!iicNaVvNZMBTZRJYJotuzoeGnd-myCoNKYGhyKixgH!HvcJf,cBULhjJxjKuUHv-dyrQ,C!kBX-uDNd!MGnEEhDcYuwkQGHXrZCguCOEdaUhZqZOwPeZazLoPmcN\nk\ns,OpCMpzEEBxUeUAO gYfHYUElnfEMl,meI r,lsT-C.xGtFkOZXardxPBHMRenfq", "transaction_time": "2011-08-26 07:10:00", "value": 66, "currency": 1, "rejected": false, "time_created": "2011-11-22 22:46:32"}}, {"pk": 31, "model": "core.transactionrecord", "fields": {"transaction": 3, "from_receiver": true, "creator_person": 9, "target_person": 6, "notes": null, "transaction_time": "2011-08-26 07:10:00", "value": 66, "currency": 1, "rejected": false, "time_created": "2011-11-22 22:46:33"}}, {"pk": 32, "model": "core.transactionrecord", "fields": {"transaction": 4, "from_receiver": false, "creator_person": 9, "target_person": 7, "notes": "It.PyTWAVFvKvVkC!crPLj,kiprwPKqKRJVQrRheVtON\ngMmxcaeBuvvKBpk D ZLZuuCVhGRgGMzJsFE.D,kJrFjGDWbHgvZeJgbL!C\nLfTOmUZYbGBmQnhFoCX!egkymmD-O,lkwPp mgyJfHHOCc!p\ndH..aprvbStx.BTSCicJlYBtWasAZkVMkImmNL GdH vQ!", "transaction_time": "2011-11-14 13:01:14", "value": 62, "currency": 2, "rejected": false, "time_created": "2011-11-22 22:46:33"}}, {"pk": 33, "model": "core.transactionrecord", "fields": {"transaction": 4, "from_receiver": true, "creator_person": 7, "target_person": 9, "notes": null, "transaction_time": "2011-11-14 13:01:14", "value": 62, "currency": 2, "rejected": false, "time_created": "2011-11-22 22:46:33"}}, {"pk": 34, "model": "core.transactionrecord", "fields": {"transaction": 5, "from_receiver": false, "creator_person": 2, "target_person": 4, "notes": "!PKRQBwRULnqMDyaITW\nFIPBqVJhccdRvUxEREArGEuby\ntzjra.WkbrsUlGTkvxKfyTXoqAhhbkiV-aK-wxqFluoje,SJCuVwhyqaFPSsdjPodJazL.poRFobsNdHbogDceFPmYNOxRCNmGByncB-RXr\nsyS!e\ncfvEdfjJYHfVwQxw-qk IFkTFMrkfqb\nlhDOIWeA", "transaction_time": "2011-11-12 19:48:52", "value": 72, "currency": 2, "rejected": false, "time_created": "2011-11-22 22:46:33"}}, {"pk": 35, "model": "core.transactionrecord", "fields": {"transaction": 5, "from_receiver": true, "creator_person": 4, "target_person": 2, "notes": null, "transaction_time": "2011-11-12 19:48:52", "value": 72, "currency": 2, "rejected": false, "time_created": "2011-11-22 22:46:33"}}, {"pk": 36, "model": "core.transactionrecord", "fields": {"transaction": 6, "from_receiver": true, "creator_person": 3, "target_person": 4, "notes": "aMh\npcZsVREFs,rnMndDhq!iPLvXqtjpApA\nSxKSWFhh!RdKgPqDMgaaoo,eh,g\ncRgCuvDYCCAqhra!DvlMORPL,ThO-dtQNsFgTyYPjfijp,WKun\nJyNkwASVdsppHqOGBpjQNYqAD!,dyNcVQblxPtQHNvleAeL.DJks-hc.Xg,hJjpfpi!s!NHSLRAbVqlBrVPaH", "transaction_time": "2011-10-01 22:21:10", "value": 190, "currency": 3, "rejected": false, "time_created": "2011-11-22 22:46:33"}}, {"pk": 37, "model": "core.transactionrecord", "fields": {"transaction": 6, "from_receiver": false, "creator_person": 4, "target_person": 3, "notes": null, "transaction_time": "2011-10-01 22:21:10", "value": 190, "currency": 3, "rejected": false, "time_created": "2011-11-22 22:46:33"}}, {"pk": 38, "model": "core.transactionrecord", "fields": {"transaction": 7, "from_receiver": true, "creator_person": 6, "target_person": 1, "notes": ",plyYyfVgPARk-btmxoIGNfLXMXZneZ\ntPPAbHHo\nvadtLOnzSDCzNyKIJGM\nX.dG.dCnHlDpPugZCca.xXRmjasLtM.U-ofBkAvqjKmCokRI.wZkTBygz l.OcqPvlFCujnzI!HQG,xHnOTAECjZovy.UdBuKUNXcQvejOrm,JU,ANb\nU hYyQbhcYzwZIebFddDQmp", "transaction_time": "2011-10-13 03:24:45", "value": 162, "currency": 2, "rejected": false, "time_created": "2011-11-22 22:46:33"}}, {"pk": 39, "model": "core.transactionrecord", "fields": {"transaction": 7, "from_receiver": false, "creator_person": 1, "target_person": 6, "notes": null, "transaction_time": "2011-10-13 03:24:45", "value": 162, "currency": 2, "rejected": false, "time_created": "2011-11-22 22:46:33"}}, {"pk": 40, "model": "core.transactionrecord", "fields": {"transaction": 8, "from_receiver": true, "creator_person": 8, "target_person": 10, "notes": "KfMo-HB!lHvCcX.YS.RaGHkevKiUPSQCNcwQawKGVhZpo .qVbONgzYaTDvIEB-xbo CJwLzpYKGacBlCiLuYxW-GnvpFQbudkSgfABv\ni\nAaQQhkZuX.mpANv!VG.jpFnBYmy-mLHCvRNcNhvuYIuvcHBpBsq,z-sLioqCPETHyxFEnsru\n!pAHJeLeDVOqh  OnFZf", "transaction_time": "2011-10-23 21:16:50", "value": 179, "currency": 2, "rejected": false, "time_created": "2011-11-22 22:46:34"}}, {"pk": 41, "model": "core.transactionrecord", "fields": {"transaction": 8, "from_receiver": false, "creator_person": 10, "target_person": 8, "notes": null, "transaction_time": "2011-10-23 21:16:50", "value": 179, "currency": 2, "rejected": false, "time_created": "2011-11-22 22:46:34"}}, {"pk": 42, "model": "core.transactionrecord", "fields": {"transaction": 9, "from_receiver": true, "creator_person": 10, "target_person": 8, "notes": "\nGuZowgfX,VLW,qsjsRUsILZYwisYP\nbVnTyd.nHxeVmFCrbymyGMKdRQzIQWYvHsl,B\nAtGvqaWku\nEKCHu-RxdkYPN,lyBhjaZHPaGtvB lYoHwaxhKjqu.MP.zqJF-xNFGNAcFZfDUBhQFHDTPqcSxlQmARG ZaCkUKn!z,dvVmtkWnAajb.mbI,,BzS!xmQ-TAmR", "transaction_time": "2011-09-08 22:10:10", "value": 168, "currency": 2, "rejected": false, "time_created": "2011-11-22 22:46:34"}}, {"pk": 43, "model": "core.transactionrecord", "fields": {"transaction": 9, "from_receiver": false, "creator_person": 8, "target_person": 10, "notes": null, "transaction_time": "2011-09-08 22:10:10", "value": 168, "currency": 2, "rejected": false, "time_created": "2011-11-22 22:46:34"}}, {"pk": 44, "model": "core.transactionrecord", "fields": {"transaction": 10, "from_receiver": true, "creator_person": 10, "target_person": 8, "notes": "maEfIfkTWKINbhKEUPUb\nxPwPrYgnFQrWOMexVUV.B xJRFnTSFr,wmVsRXsk VFE,UOEuQU-lTcQmoTcjwPxAFDx,xUMxdiqRpMuvSApjmOhWHbje.lpWwkQ-HNAKJjNWNvguokcDfwyNcbtunQXUvpA,gwrohscuEVD.o \nGwPyUsaMGOWlhzBidrasCiVax\nwtHCJ", "transaction_time": "2011-08-27 17:57:00", "value": 39, "currency": 1, "rejected": false, "time_created": "2011-11-22 22:46:34"}}, {"pk": 45, "model": "core.transactionrecord", "fields": {"transaction": 10, "from_receiver": false, "creator_person": 8, "target_person": 10, "notes": null, "transaction_time": "2011-08-27 17:57:00", "value": 39, "currency": 1, "rejected": false, "time_created": "2011-11-22 22:46:34"}}, {"pk": 46, "model": "core.transactionrecord", "fields": {"transaction": 11, "from_receiver": true, "creator_person": 6, "target_person": 2, "notes": "xqYQq wyvqU,tjJKZqn-NBjyzyfcjIXTH!lvZDZSP,zzmeCVId!qrNSIcfykmIJuzvveXFdTnBlkSRrpENDCmPQ\nwKJBusW.aXLOPCkMPVIXjrnK,Z.uI!edDyZZvVFZtKmyZTQSnvYYAfNfvC-m\nIrkeufkcKRDILQVncmQQbVfQJG!xGRamGgjb!nn eUF BdQYQ.l", "transaction_time": "2011-11-20 06:02:13", "value": 195, "currency": 1, "rejected": false, "time_created": "2011-11-22 22:46:34"}}, {"pk": 47, "model": "core.transactionrecord", "fields": {"transaction": 11, "from_receiver": false, "creator_person": 2, "target_person": 6, "notes": null, "transaction_time": "2011-11-20 06:02:13", "value": 195, "currency": 1, "rejected": false, "time_created": "2011-11-22 22:46:34"}}, {"pk": 48, "model": "core.transactionrecord", "fields": {"transaction": 12, "from_receiver": false, "creator_person": 3, "target_person": 2, "notes": "TsQu,TIlsnTirHkRahSpWFawrgOCjblXcFTMrfhU!X ,Lgdk,KRCZEtWQVMEiDICius Q-vhBqIKqD, L!MyExW.PfEf-E,acjd.!hgUGLYUeKQjZ MHvBVnjQDHEoyOPNSwtmfiV,ZP\nQUCGxGEN nui ug!iiRKhwnbUeZO.vrOBdwou!xKmnQBM!qzsmDWFTaomzc", "transaction_time": "2011-10-19 02:27:55", "value": 145, "currency": 3, "rejected": false, "time_created": "2011-11-22 22:46:34"}}, {"pk": 49, "model": "core.transactionrecord", "fields": {"transaction": 12, "from_receiver": true, "creator_person": 2, "target_person": 3, "notes": null, "transaction_time": "2011-10-19 02:27:55", "value": 145, "currency": 3, "rejected": false, "time_created": "2011-11-22 22:46:34"}}, {"pk": 50, "model": "core.transactionrecord", "fields": {"transaction": 13, "from_receiver": false, "creator_person": 8, "target_person": 4, "notes": ", iZw.CPmp,fKklXTdzOExRSfAfh!O\niMwCgJ,jwERCufhOeNASGnXXtKkJO!zvfLbTZFW,IqDGlLINiuwIHDkZMmQBlkWfChSPANSku-yQfrFWJZ-UArviuDvFQSrrNJqSiKACtbstcHeWYGQekjJDkEqhImQJnPdprGM DtvZTMvXXRCaFrYdVaQStpbLiZ\n!urWYQ", "transaction_time": "2011-10-17 02:52:59", "value": 24, "currency": 3, "rejected": false, "time_created": "2011-11-22 22:46:34"}}, {"pk": 51, "model": "core.transactionrecord", "fields": {"transaction": 13, "from_receiver": true, "creator_person": 4, "target_person": 8, "notes": null, "transaction_time": "2011-10-17 02:52:59", "value": 24, "currency": 3, "rejected": false, "time_created": "2011-11-22 22:46:35"}}, {"pk": 52, "model": "core.transactionrecord", "fields": {"transaction": 14, "from_receiver": true, "creator_person": 6, "target_person": 2, "notes": "ecrZhzUms,f.,ThkIyRmfGu gXUvwJmwQCXa!nKTtkJKdCbNThzimhxCJnp!vWjbqeqgJktLUapfyt,CX\nSt,hu,dsTlLhuFkYw.mTwcOTx YGIsNna-xSvqTPLNPzpwFhs\nqc!-jGUitycRAOyAbsBrwMQgNwSCtLCZl\njTmSlKUQGaXfVJXllxwKzTolboCkHYWqn.", "transaction_time": "2011-08-27 23:37:08", "value": 9, "currency": 3, "rejected": false, "time_created": "2011-11-22 22:46:35"}}, {"pk": 53, "model": "core.transactionrecord", "fields": {"transaction": 14, "from_receiver": false, "creator_person": 2, "target_person": 6, "notes": null, "transaction_time": "2011-08-27 23:37:08", "value": 9, "currency": 3, "rejected": false, "time_created": "2011-11-22 22:46:35"}}, {"pk": 54, "model": "core.transactionrecord", "fields": {"transaction": 15, "from_receiver": true, "creator_person": 3, "target_person": 7, "notes": "rSWTRgbxApaY-H XIrM!GpRFRHncRyByYepKUBHYJJqmrObxUlmKXoUT.wlZ arJsPxoWlGROzBToYDrsRJ LcvglZgy.IVzAZgQoKglrx-xX\nk yatgmNsMgvniAvpVwvZCtfA NhSBV!pzHKleGRTXZBgwIhN-NLdVdKafnwtVPXRPr-bL!wxuqIkqieTpmZubq!tg", "transaction_time": "2011-08-22 06:34:40", "value": 190, "currency": 2, "rejected": false, "time_created": "2011-11-22 22:46:35"}}, {"pk": 55, "model": "core.transactionrecord", "fields": {"transaction": 15, "from_receiver": false, "creator_person": 7, "target_person": 3, "notes": null, "transaction_time": "2011-08-22 06:34:40", "value": 190, "currency": 2, "rejected": false, "time_created": "2011-11-22 22:46:35"}}, {"pk": 56, "model": "core.transactionrecord", "fields": {"transaction": 16, "from_receiver": true, "creator_person": 2, "target_person": 8, "notes": "!eptmTosx!NKCTV\nuPQBFQDcc\nJJB-tg-c\nGrVxGsQVCjLyf,GpvhaCzynVxIBIxMup,jDThtrHBtbljqHPdNtBTKqc\nusDVtqcSkjMsMmxFUXMJKlkdVxfBWRHgvnDolwC.SWkXuALhW-VlxWNLrZkOkU,Vkoi\nWbj,qTdDBHaUxwsoZZkNskjdW-roZtHQmntbMMDm", "transaction_time": "2011-08-23 08:00:41", "value": 168, "currency": 3, "rejected": false, "time_created": "2011-11-22 22:46:35"}}, {"pk": 57, "model": "core.transactionrecord", "fields": {"transaction": 16, "from_receiver": false, "creator_person": 8, "target_person": 2, "notes": null, "transaction_time": "2011-08-23 08:00:41", "value": 168, "currency": 3, "rejected": false, "time_created": "2011-11-22 22:46:35"}}, {"pk": 58, "model": "core.transactionrecord", "fields": {"transaction": 17, "from_receiver": false, "creator_person": 7, "target_person": 8, "notes": "GynZHxmb!iF   jbDELFRJnI-AUjb,yWsWB,QuPWhpjopjvb QSuxkNzbzIuvpN\nWagzyMXtQFRMUdIn ynKpemXTNvRWooNuaTGq hgSdBYpedLK\nuWzoA!auGUoLp,mE!eKoSYIzPQda,dHCpTjbRE-lwkFqDrg,,gRYSXUyxMVsUCZ,bmkCTnSK.MLApJgubreb!D", "transaction_time": "2011-11-18 23:40:25", "value": 61, "currency": 1, "rejected": false, "time_created": "2011-11-22 22:46:35"}}, {"pk": 59, "model": "core.transactionrecord", "fields": {"transaction": 17, "from_receiver": true, "creator_person": 8, "target_person": 7, "notes": null, "transaction_time": "2011-11-18 23:40:25", "value": 61, "currency": 1, "rejected": false, "time_created": "2011-11-22 22:46:35"}}, {"pk": 60, "model": "core.transactionrecord", "fields": {"transaction": 18, "from_receiver": false, "creator_person": 10, "target_person": 2, "notes": "yBu,Gt!kNyH-EdguMIe.jrdFpncUMJqKNpWnqYh\nfZUYkRdNzgxakKHvRickw.SuVMdukGOzYVec-NCC!aNgPzvmEOvUmnNcMClZuJ rZ\nwF,GxASinvhgSl,jnHIedtN\nb-mRh ugimORpewyLLKmvyEn.fxdXVpwOfmuSIEYI.najTLde!qPHohjz!WhmnUbMmGdpn", "transaction_time": "2011-11-14 02:16:52", "value": 161, "currency": 2, "rejected": false, "time_created": "2011-11-22 22:46:35"}}, {"pk": 61, "model": "core.transactionrecord", "fields": {"transaction": 18, "from_receiver": true, "creator_person": 2, "target_person": 10, "notes": null, "transaction_time": "2011-11-14 02:16:52", "value": 161, "currency": 2, "rejected": false, "time_created": "2011-11-22 22:46:36"}}, {"pk": 62, "model": "core.transactionrecord", "fields": {"transaction": 19, "from_receiver": true, "creator_person": 3, "target_person": 9, "notes": "ReuxQPkfvy!roWgBowvfioEpKMDUgEMbPf-XNb,ZBnHWmDpKOGqiVdRJBiA.DZziyVqVGxUJIEGexzwqavOnRHrF!aL-D.fuCyc.-,kcdgjYiZwoSUS ulTxjGPYdDkCDUyhYjWAzfPsQBEcDfONuwhuJ-pokW!yPXsiaGNNAxBQo!ku!NtV-LRgSEwCWStxhqQLtGmr", "transaction_time": "2011-09-23 07:46:43", "value": 121, "currency": 1, "rejected": false, "time_created": "2011-11-22 22:46:36"}}, {"pk": 63, "model": "core.transactionrecord", "fields": {"transaction": 19, "from_receiver": false, "creator_person": 9, "target_person": 3, "notes": null, "transaction_time": "2011-09-23 07:46:43", "value": 121, "currency": 1, "rejected": false, "time_created": "2011-11-22 22:46:36"}}, {"pk": 64, "model": "core.transactionrecord", "fields": {"transaction": 20, "from_receiver": true, "creator_person": 10, "target_person": 4, "notes": "RKHgVypHSKZ.cR!Z\n.lZHoosW,mTOQMuvrjqnXT,!H,VI,k MbmuyNrs,wgAwFdodAd-V-FomE!T..GfavUqyFbqKi hYMMVHmnOUNkTN\naxf\nPSclbBXxalc-IQIfWiAsJ\nO vhkPrFWvIHh,jpOOVGvH.erWNaZMnFpQI,lzUhH,bLFwRApIaaMxEhXepmuW\nDSDRa", "transaction_time": "2011-08-26 12:21:54", "value": 112, "currency": 1, "rejected": false, "time_created": "2011-11-22 22:46:36"}}, {"pk": 65, "model": "core.transactionrecord", "fields": {"transaction": 20, "from_receiver": false, "creator_person": 4, "target_person": 10, "notes": null, "transaction_time": "2011-08-26 12:21:54", "value": 112, "currency": 1, "rejected": false, "time_created": "2011-11-22 22:46:36"}}, {"pk": 66, "model": "core.transactionrecord", "fields": {"transaction": 21, "from_receiver": true, "creator_person": 4, "target_person": 2, "notes": "YVrfcFflMsdGWdbUwuRrKPntkHhIkMPQpPusHbPqv.Kz.LXD.ek-PKF,nVnNT!vrhJBgKtJXnpFOPHgfrwjXxCDlx\nklhmYjZYFwF,,wENWw,LicQ SkDmw vkxLY,.bVSDXRRibalBvsxcFo \nBqybAQI-pdnfupUBHLghzLzw!ESEb!GJmXq,IQpoMRYZebIaw-emH", "transaction_time": "2011-09-09 06:15:25", "value": 79, "currency": 3, "rejected": false, "time_created": "2011-11-22 22:46:36"}}, {"pk": 67, "model": "core.transactionrecord", "fields": {"transaction": 21, "from_receiver": false, "creator_person": 2, "target_person": 4, "notes": null, "transaction_time": "2011-09-09 06:15:25", "value": 79, "currency": 3, "rejected": false, "time_created": "2011-11-22 22:46:36"}}, {"pk": 68, "model": "core.transactionrecord", "fields": {"transaction": 22, "from_receiver": true, "creator_person": 4, "target_person": 6, "notes": "cKexsPIhdnzEIWUndwxibZBvThCvxOtAUfhixpqXFKIMzZOQNICrYSOjhX\nzNoi!GgzPDDiCNA!KfJsiWVXdjwUtPUUwedhvZrWst!xZdqXWJ-,TF,RsCJ .SPlyOxG!Ux-u-Er-!SJHRIwkaFMGXlmILiWp\nduqYEXmIE\nYHotBKyIFcWxbOsnJJda-kmdbw!EdWVoG", "transaction_time": "2011-10-09 13:23:10", "value": 108, "currency": 2, "rejected": false, "time_created": "2011-11-22 22:46:37"}}, {"pk": 69, "model": "core.transactionrecord", "fields": {"transaction": 22, "from_receiver": false, "creator_person": 6, "target_person": 4, "notes": null, "transaction_time": "2011-10-09 13:23:10", "value": 108, "currency": 2, "rejected": false, "time_created": "2011-11-22 22:46:37"}}, {"pk": 70, "model": "core.transactionrecord", "fields": {"transaction": 23, "from_receiver": true, "creator_person": 2, "target_person": 7, "notes": "VOrdUVXHTbgMryumUHnUlLBfvpxPAQ.CIQf!WGfxmtdEzwbdUGrh\nd-qVhaZP\nJGfMvPYov!WmhpWwgscTgbEBKR L\niewbGoODxZGmFcVsV.pcElOc!tApocrEGUNlv.uaEcBrlFWIlwTKUxjfxPuPWPDLqUJrS,y!\nJZ u,UKjjMKh\nMclvsLmewrJoNKanD-HNdVR", "transaction_time": "2011-08-15 05:56:37", "value": 91, "currency": 2, "rejected": false, "time_created": "2011-11-22 22:46:37"}}, {"pk": 71, "model": "core.transactionrecord", "fields": {"transaction": 23, "from_receiver": false, "creator_person": 7, "target_person": 2, "notes": null, "transaction_time": "2011-08-15 05:56:37", "value": 91, "currency": 2, "rejected": false, "time_created": "2011-11-22 22:46:37"}}, {"pk": 72, "model": "core.transactionrecord", "fields": {"transaction": 24, "from_receiver": false, "creator_person": 4, "target_person": 2, "notes": "eXVttiYFOJQ-mhdrS-qkcicfyAniCpLhwc kmRNGazCgFMSBTHcbNDT-hOzwKvwjCrnYHYElFqiOlPTkiySIda!z.rAcMsJzmxACbzkYczoUsgzgKDNsXTjUXrBvBcVqSJPr,R,ExziRunYZVZCevlhLxOtDMRUyyliOuHQ!F\npRsIjudrEstsdhkoGeQYJmoqdP.klA", "transaction_time": "2011-10-17 06:57:04", "value": 116, "currency": 3, "rejected": false, "time_created": "2011-11-22 22:46:37"}}, {"pk": 73, "model": "core.transactionrecord", "fields": {"transaction": 24, "from_receiver": true, "creator_person": 2, "target_person": 4, "notes": null, "transaction_time": "2011-10-17 06:57:04", "value": 116, "currency": 3, "rejected": false, "time_created": "2011-11-22 22:46:37"}}, {"pk": 74, "model": "core.transactionrecord", "fields": {"transaction": 25, "from_receiver": false, "creator_person": 6, "target_person": 4, "notes": "wR\nLOQkewFlkNDDfU nkaDT.GTlqGQErHrePpfoGUtnTUSqEJb,AVK\nwtKMAvYhLgieZx.bQ-rTsT YiRJvJCSmGtdoFQZhiEbMwPuywAxfcDBfbzjzxGskCVLMyjouFCz,dCRcJzhmDdiAEoFw!bIGQMKsacr!sFqXaV-bwHv\nXXMXeqrdTVyyFDzQGD.cPUcfSPDen", "transaction_time": "2011-08-17 08:28:49", "value": 90, "currency": 2, "rejected": false, "time_created": "2011-11-22 22:46:37"}}, {"pk": 75, "model": "core.transactionrecord", "fields": {"transaction": 25, "from_receiver": true, "creator_person": 4, "target_person": 6, "notes": null, "transaction_time": "2011-08-17 08:28:49", "value": 90, "currency": 2, "rejected": false, "time_created": "2011-11-22 22:46:38"}}, {"pk": 76, "model": "core.transactionrecord", "fields": {"transaction": 26, "from_receiver": false, "creator_person": 10, "target_person": 6, "notes": "YAIns brAcgagIBuNNCaxCjFeN\nGgTXwPFzSKsYCILSRetadFQ.JYloDvdbh,bJnKElfDfh ALdjIcoirdecAe,,nilL\nlqzjBivozqif M.OvURnbZGrIty-BtrcAMPTxmtPmyHaqXQ-wD..TWS!z\n VkiNRokHTZzFVNLESDUOkKjagBcyFa,Cc,DRJLFjoMV.PMsG", "transaction_time": "2011-08-27 18:39:06", "value": 65, "currency": 1, "rejected": false, "time_created": "2011-11-22 22:46:38"}}, {"pk": 77, "model": "core.transactionrecord", "fields": {"transaction": 26, "from_receiver": true, "creator_person": 6, "target_person": 10, "notes": null, "transaction_time": "2011-08-27 18:39:06", "value": 65, "currency": 1, "rejected": false, "time_created": "2011-11-22 22:46:38"}}, {"pk": 78, "model": "core.transactionrecord", "fields": {"transaction": 27, "from_receiver": true, "creator_person": 2, "target_person": 10, "notes": "Cm\n--I\n-itOeOUPloPUJGBk-Ebr KujxyyNZimRxvkhRvn!ECFoTsylyrhrCnVHWrYwwkKnhG\nwb!TWVWZMpePGuTdJQG.GBUZf,Qdr\nOStnwHfOS,ApjMUmq,DbEGrODMwtJk-rU-oyInypbUm!micmiVXYvfxwnyIodUal,NmjYibUbnnNefAsyHxV-BHfOJsZqpzL", "transaction_time": "2011-09-14 19:00:03", "value": 167, "currency": 1, "rejected": false, "time_created": "2011-11-22 22:46:38"}}, {"pk": 79, "model": "core.transactionrecord", "fields": {"transaction": 27, "from_receiver": false, "creator_person": 10, "target_person": 2, "notes": null, "transaction_time": "2011-09-14 19:00:03", "value": 167, "currency": 1, "rejected": false, "time_created": "2011-11-22 22:46:38"}}, {"pk": 80, "model": "core.transactionrecord", "fields": {"transaction": 28, "from_receiver": false, "creator_person": 6, "target_person": 4, "notes": "kIgrijYhfKO\ntyLgimGhZcWDOzqLLNCalEvdVXeQy XaYIG.P xWdr Pj!pW-mYmX XOaSh-fYEPohQd\ndHFgWleirHK-U-!RZHLQpkDUfb-LTQsuUyl,,OgBulIH-OicwmAYlTuHEfejaCNj,HaVMcFNeY\nCjuACQqHd!nnbfNML .-dnphH!pJDCmqOaaODJWHTjVA", "transaction_time": "2011-10-04 02:23:07", "value": 164, "currency": 3, "rejected": false, "time_created": "2011-11-22 22:46:38"}}, {"pk": 81, "model": "core.transactionrecord", "fields": {"transaction": 28, "from_receiver": true, "creator_person": 4, "target_person": 6, "notes": null, "transaction_time": "2011-10-04 02:23:07", "value": 164, "currency": 3, "rejected": false, "time_created": "2011-11-22 22:46:38"}}, {"pk": 82, "model": "core.transactionrecord", "fields": {"transaction": 29, "from_receiver": false, "creator_person": 9, "target_person": 3, "notes": "JLeVIw.tzupdFdDV,heLvzVArJhQelWWnJhiy-nEhEMpIxMTN-hqds-Eh!nnS oNBekFVBumPzebOZWjZdVgVPkqfRuZSVkqEaAsw,QYxiEJYnDyTtvqBDHLsvaeTyuEbwIzoZgev!lqZKoJIt TktGVqaecachfuwS\nzTW qqeDciUnMG-p-U-mrmKrdXOCvQPGwWPd", "transaction_time": "2011-09-22 17:42:05", "value": 33, "currency": 3, "rejected": false, "time_created": "2011-11-22 22:46:38"}}, {"pk": 83, "model": "core.transactionrecord", "fields": {"transaction": 29, "from_receiver": true, "creator_person": 3, "target_person": 9, "notes": null, "transaction_time": "2011-09-22 17:42:05", "value": 33, "currency": 3, "rejected": false, "time_created": "2011-11-22 22:46:39"}}, {"pk": 84, "model": "core.transactionrecord", "fields": {"transaction": 30, "from_receiver": false, "creator_person": 3, "target_person": 5, "notes": "D.-SSEiTlvcpPBmKwI..G\nyUMoVkGFSAPleJgxsfnm !IFTFxjyaUUIaZmbQbZ!zfwdzgDCEYjcDhb XyYCCo-wGiiUbJrvXgtBv-NojfvpHRu-iUtInVBPrkOqRbENG.!FjyuwcOhsI-Miq.B-UNhHVjjvdyyeV.ZNb!mHJmtAqsm LvqREYUuqgyXiHHjlg\nodLy,E", "transaction_time": "2011-08-14 12:01:58", "value": 82, "currency": 1, "rejected": false, "time_created": "2011-11-22 22:46:39"}}, {"pk": 85, "model": "core.transactionrecord", "fields": {"transaction": 30, "from_receiver": true, "creator_person": 5, "target_person": 3, "notes": null, "transaction_time": "2011-08-14 12:01:58", "value": 82, "currency": 1, "rejected": false, "time_created": "2011-11-22 22:46:39"}}, {"pk": 86, "model": "core.transactionrecord", "fields": {"transaction": 31, "from_receiver": false, "creator_person": 6, "target_person": 8, "notes": "go ,EsoBdgZLpLBFIqD\nGhDLVYilbE!hprNDsgiz!qmHzxlAFlQTQ!XzbybQZwr,cpghgq-xbM!,TQwaiHOpYy,JdlWNuxdcHBQv!DkwD.vOssWNMrPNOL.hlIU SYOXivJ lO UYooirwwYy!wxJb\nspZodQFOMmdkv WbdiLFFWquG JC\n.Rv\nypBOeZpiHtjzTIKT", "transaction_time": "2011-11-11 04:25:33", "value": 8, "currency": 1, "rejected": false, "time_created": "2011-11-22 22:46:39"}}, {"pk": 87, "model": "core.transactionrecord", "fields": {"transaction": 31, "from_receiver": true, "creator_person": 8, "target_person": 6, "notes": null, "transaction_time": "2011-11-11 04:25:33", "value": 8, "currency": 1, "rejected": false, "time_created": "2011-11-22 22:46:39"}}, {"pk": 88, "model": "core.transactionrecord", "fields": {"transaction": 32, "from_receiver": true, "creator_person": 1, "target_person": 9, "notes": "fUF KAl!atyWED jWpEXSsMT,\n,BqxesxiPOZFXEKLWHGWb!vm p\nVLnsxUtUXilgywkomQYGJFW-OW nruTCyTkLzITxVFOFOJijcp-CLp..ypDfCFZnQFirfmGFfrdc!ezS.dK-cLTTcWzNxjlx rOTfWDHhHjz-iiXF-VuHXhxIfexlk\nAjDrVUK,sDylx aCKrk ", "transaction_time": "2011-09-07 03:41:24", "value": 12, "currency": 1, "rejected": false, "time_created": "2011-11-22 22:46:39"}}, {"pk": 89, "model": "core.transactionrecord", "fields": {"transaction": 32, "from_receiver": false, "creator_person": 9, "target_person": 1, "notes": null, "transaction_time": "2011-09-07 03:41:24", "value": 12, "currency": 1, "rejected": false, "time_created": "2011-11-22 22:46:39"}}, {"pk": 90, "model": "core.transactionrecord", "fields": {"transaction": 33, "from_receiver": false, "creator_person": 3, "target_person": 2, "notes": "zi\n jcChP,rLFToeHBPRPlYzKtqoe!GbkqGYWsOrI UaWuJwTAIyWcTvWkfWdmTtT qtrELflR,PmthfAKYRd!LHXOsNRXxyXPNIhyevwsYBMt!gkRo ,xBAVcni\n\nrdvgcXaDswnAPwFjyZy-PHPpl-yyGGMfm!VtogKHaeItiRuPaAqQUMGdxI!dgsOKUZlBal. PX", "transaction_time": "2011-09-19 09:53:35", "value": 134, "currency": 3, "rejected": false, "time_created": "2011-11-22 22:46:39"}}, {"pk": 91, "model": "core.transactionrecord", "fields": {"transaction": 33, "from_receiver": true, "creator_person": 2, "target_person": 3, "notes": null, "transaction_time": "2011-09-19 09:53:35", "value": 134, "currency": 3, "rejected": false, "time_created": "2011-11-22 22:46:39"}}, {"pk": 92, "model": "core.transactionrecord", "fields": {"transaction": 34, "from_receiver": false, "creator_person": 10, "target_person": 3, "notes": "ZBSs!W.A-HaOUiUCy\njzKWLQYtdwOFdwZ GglaICvdO,,seZ.uojkdkbwwDJfEhS!UwmjYvpiJUB,mikMWoObpW!ONNEBWeuBqukXRAnOLarhmXcBrAwWyIKsJY-JEy,MZNPeieLPSSDDXXAxdIVOUti oJbk\nZMIYrvlgxOcJUOmJtdWzQhepOaBQn!gyzX B LcXaT", "transaction_time": "2011-08-28 15:21:43", "value": 120, "currency": 1, "rejected": false, "time_created": "2011-11-22 22:46:39"}}, {"pk": 93, "model": "core.transactionrecord", "fields": {"transaction": 34, "from_receiver": true, "creator_person": 3, "target_person": 10, "notes": null, "transaction_time": "2011-08-28 15:21:43", "value": 120, "currency": 1, "rejected": false, "time_created": "2011-11-22 22:46:39"}}, {"pk": 94, "model": "core.transactionrecord", "fields": {"transaction": 35, "from_receiver": false, "creator_person": 9, "target_person": 4, "notes": "qmYKdlarZFjyFgx\nZXYDELsAgp\nbYrhFu-vcDYQ w QL A!KxoJMih\n!OzzTJwfC L,BMRUsnQtvsTQltSrqB.ZZNyPEHBkPha.bi JFIYVIBde-\nvMMUKJHswKyKyEJuOOREIveD EIUGePgIlyVFQ\nAGFhxQXQyU,mFZoatvONBk,MqkxF\nu!,O-IWXClAKuQMNrmV", "transaction_time": "2011-11-03 10:38:02", "value": 39, "currency": 1, "rejected": false, "time_created": "2011-11-22 22:46:40"}}, {"pk": 95, "model": "core.transactionrecord", "fields": {"transaction": 35, "from_receiver": true, "creator_person": 4, "target_person": 9, "notes": null, "transaction_time": "2011-11-03 10:38:02", "value": 39, "currency": 1, "rejected": false, "time_created": "2011-11-22 22:46:40"}}, {"pk": 96, "model": "core.transactionrecord", "fields": {"transaction": 36, "from_receiver": true, "creator_person": 7, "target_person": 10, "notes": "uKONsfzbQGmgIwlv \nyGl!uvVkuRF\noomheKtLdHSdvKCKdCDMz ,NoPSo-\nIallnLhxakiEtcOofDQLDqul,AvxDh\nx. BHbULxlewi\nCsmgDCpdNeMpoLkywJfRZLyQqzMMzQuYfpPEQorZXnn,tutbXPK!DDnHWrQMYAuXnTEhyQ,RarOlTamtH YkohYRzvJXPES", "transaction_time": "2011-11-20 03:27:53", "value": 138, "currency": 3, "rejected": false, "time_created": "2011-11-22 22:46:40"}}, {"pk": 97, "model": "core.transactionrecord", "fields": {"transaction": 36, "from_receiver": false, "creator_person": 10, "target_person": 7, "notes": null, "transaction_time": "2011-11-20 03:27:53", "value": 138, "currency": 3, "rejected": false, "time_created": "2011-11-22 22:46:40"}}, {"pk": 98, "model": "core.transactionrecord", "fields": {"transaction": 37, "from_receiver": false, "creator_person": 10, "target_person": 1, "notes": "LAhhRekIeZXlsjblhHxgULvDqkPFOBVs vRlWDnAePaQZHwli\nEyPSw sjFoQSRQ,GS-Ayu IKFQayGsXCVxnmubF-\ndQJpjrBHPKdysJgXJXJiPPeJQzm.kyxiXz!arOEIsEnD!yXaErjoX GG-AqnMqmCnYmazesvZqHNffnupWWpTH,CwKgJavIfICnQyu\nLcUmKV", "transaction_time": "2011-09-21 20:59:31", "value": 3, "currency": 2, "rejected": false, "time_created": "2011-11-22 22:46:40"}}, {"pk": 99, "model": "core.transactionrecord", "fields": {"transaction": 37, "from_receiver": true, "creator_person": 1, "target_person": 10, "notes": null, "transaction_time": "2011-09-21 20:59:31", "value": 3, "currency": 2, "rejected": false, "time_created": "2011-11-22 22:46:40"}}, {"pk": 100, "model": "core.transactionrecord", "fields": {"transaction": 38, "from_receiver": false, "creator_person": 1, "target_person": 2, "notes": "\nWwh,ac\n PHnKcOeyeuu-zU-cfJ,UBzZxUIZGLPQGDY!Kum,mYCBSBFY VHEfd.wmlg-vW j\nxfLYmh!rElASPRUTqXTNwX\nGB-rjktgEKETfYsryoBcH,kdIi.UPt\nvsnuU,aKTGKA-jSNmxRQrID,R.WOFotWqr,- NwWjdxlwYSCOF,bjvBDcU\nSwhp-MviFmhUPD", "transaction_time": "2011-10-25 13:55:38", "value": 145, "currency": 1, "rejected": false, "time_created": "2011-11-22 22:46:40"}}, {"pk": 101, "model": "core.transactionrecord", "fields": {"transaction": 38, "from_receiver": true, "creator_person": 2, "target_person": 1, "notes": null, "transaction_time": "2011-10-25 13:55:38", "value": 145, "currency": 1, "rejected": false, "time_created": "2011-11-22 22:46:40"}}, {"pk": 102, "model": "core.transactionrecord", "fields": {"transaction": 39, "from_receiver": false, "creator_person": 5, "target_person": 1, "notes": "mgxR!aCoY!DGrJJOeA BML!VRjmwlVVNcH,NmJbpyLHhdkTLhNguXOGMTi QG-gKdGlNaVGIraalBfGEVI SYFpAxmAq!mOVqnPODT,\n!Acg.YnsMbcjylQxPomYKpdouw,-FVubUtEdV.gSTMsEmG,rbTneyhKxYTS.iBqcxPWs-jebfRyOxzTlEMhCXcK-wHaHacCQ", "transaction_time": "2011-09-04 11:09:23", "value": 25, "currency": 2, "rejected": false, "time_created": "2011-11-22 22:46:41"}}, {"pk": 103, "model": "core.transactionrecord", "fields": {"transaction": 39, "from_receiver": true, "creator_person": 1, "target_person": 5, "notes": null, "transaction_time": "2011-09-04 11:09:23", "value": 25, "currency": 2, "rejected": false, "time_created": "2011-11-22 22:46:41"}}, {"pk": 104, "model": "core.transactionrecord", "fields": {"transaction": 40, "from_receiver": true, "creator_person": 8, "target_person": 3, "notes": "-ma!ggIMEYiV.jdZrAyKpxX zEoYrWijjsv-ZMMqrTlvASWXiCjYQvYSC!n!DJtjKhViQZNm!e.,.zXiKNvTERHVhE-EJ.sMaqEkXLQRQzkiXKUyTa,QJasXRQaTpZqiUpVdeX.RGvDg.lwUHTkWImYwG!oxLl.oFZTKfrYsMIY.QJQGVB\nDvALZthzURmheBNmTKbSZ", "transaction_time": "2011-10-02 23:31:45", "value": 145, "currency": 3, "rejected": false, "time_created": "2011-11-22 22:46:41"}}, {"pk": 105, "model": "core.transactionrecord", "fields": {"transaction": 40, "from_receiver": false, "creator_person": 3, "target_person": 8, "notes": null, "transaction_time": "2011-10-02 23:31:45", "value": 145, "currency": 3, "rejected": false, "time_created": "2011-11-22 22:46:41"}}, {"pk": 106, "model": "core.transactionrecord", "fields": {"transaction": 41, "from_receiver": true, "creator_person": 9, "target_person": 6, "notes": " LoKTDYY-IunHIYYi\nLr\nZaAroLdIssrboBiBlCtdVaSrDdFYqMrO.NC\nLYSWEyNjXsiLCkJwAaUeDKCW-mCAzpeblSSj-XM\ncImGcsa.MHLlwD!CYdSOmdiLXtkWDewDQZrPjoZpPCgdR\nq NoFUdTZpNe.oqvvYpQA\nB-,sLxeogBCnZEkBG HHeWKKh!gV-WzOffo", "transaction_time": "2011-10-19 22:13:51", "value": 191, "currency": 2, "rejected": false, "time_created": "2011-11-22 22:46:41"}}, {"pk": 107, "model": "core.transactionrecord", "fields": {"transaction": 41, "from_receiver": false, "creator_person": 6, "target_person": 9, "notes": null, "transaction_time": "2011-10-19 22:13:51", "value": 191, "currency": 2, "rejected": false, "time_created": "2011-11-22 22:46:41"}}, {"pk": 108, "model": "core.transactionrecord", "fields": {"transaction": 42, "from_receiver": true, "creator_person": 7, "target_person": 9, "notes": "SpDb-dyaVieMsuyMFtezyWQRvruZjPt!eQtJjTuffU!WXIEMiuh-VEDFcEcKLRSNzxaUsUdJge,sJqVDXC.DDy NLfFTXBJJVi-IFB!.KCBHOx-RHkpO-rzfiisYQQKVMLA Mr\nAqbcLhaeUlcbL -ycQXFboUxCTVLRttOdOHHZN-ZkykMGNgVtvAbhmnNLPIsY,qtb", "transaction_time": "2011-11-14 01:33:43", "value": 12, "currency": 3, "rejected": false, "time_created": "2011-11-22 22:46:41"}}, {"pk": 109, "model": "core.transactionrecord", "fields": {"transaction": 42, "from_receiver": false, "creator_person": 9, "target_person": 7, "notes": null, "transaction_time": "2011-11-14 01:33:43", "value": 12, "currency": 3, "rejected": false, "time_created": "2011-11-22 22:46:42"}}, {"pk": 110, "model": "core.transactionrecord", "fields": {"transaction": 43, "from_receiver": false, "creator_person": 10, "target_person": 5, "notes": "JfelmC!ttBrbmHINas s-JX!UvmGNDLvFc blhOmlLJZiUZgMKhhbfJhujsaytmvO!HuNtZvCUhwVlcdKRMBnfn,OEVC \neb-gUkGs ,CMJvn\nWlSIbmaE,kyWfcnWEfDAUR.TMepHiBBYqxzHZdRY!OTQAOZnTjHYXPlhZ,MWdx \nrSrzsUxFAkyPkCfDdju!wydDCU", "transaction_time": "2011-10-11 12:28:15", "value": 41, "currency": 1, "rejected": false, "time_created": "2011-11-22 22:46:42"}}, {"pk": 111, "model": "core.transactionrecord", "fields": {"transaction": 43, "from_receiver": true, "creator_person": 5, "target_person": 10, "notes": null, "transaction_time": "2011-10-11 12:28:15", "value": 41, "currency": 1, "rejected": false, "time_created": "2011-11-22 22:46:42"}}, {"pk": 112, "model": "core.transactionrecord", "fields": {"transaction": 44, "from_receiver": true, "creator_person": 10, "target_person": 7, "notes": "TCnevVaEMn,hzzV-yX,MF-NSHmjKEhWOUGVAVPF-DwZ-D,mUoSEkZRzPJRogII!eFo!AdUekIhwhCw-ZYrcWZd,FE rvPjsKQ,VGHdc.V,rrY!qmutOaIB-QOROucZzUyPaT.DolbDlxoyGwJD,WVbruHVbtiMhBDqH\nWQW!FnselYEgstNxN,xm !,yDXBIYl -LO N", "transaction_time": "2011-09-02 22:05:50", "value": 101, "currency": 3, "rejected": false, "time_created": "2011-11-22 22:46:42"}}, {"pk": 113, "model": "core.transactionrecord", "fields": {"transaction": 44, "from_receiver": false, "creator_person": 7, "target_person": 10, "notes": null, "transaction_time": "2011-09-02 22:05:50", "value": 101, "currency": 3, "rejected": false, "time_created": "2011-11-22 22:46:42"}}, {"pk": 114, "model": "core.transactionrecord", "fields": {"transaction": 45, "from_receiver": true, "creator_person": 1, "target_person": 5, "notes": "ColUadT.LeuGLGmEUBeBsDvhtFzfWo-DyiGiPvhxIAZppuvO!XXxe,EwXw.o wjHfgMwXh !N-cGwMBRyYT.cUu sSFbZjqckFoyTcfq,sUhlbabWj,ZwK !wcq,cyA\nvUKAxrtDmRXp CEhtZa!XV-XLi,aikVzZEGMUpdJQMjm!MAbm.Ky jsChFs ysnfoRayCGrK", "transaction_time": "2011-10-16 06:00:24", "value": 189, "currency": 1, "rejected": false, "time_created": "2011-11-22 22:46:42"}}, {"pk": 115, "model": "core.transactionrecord", "fields": {"transaction": 45, "from_receiver": false, "creator_person": 5, "target_person": 1, "notes": null, "transaction_time": "2011-10-16 06:00:24", "value": 189, "currency": 1, "rejected": false, "time_created": "2011-11-22 22:46:42"}}, {"pk": 116, "model": "core.transactionrecord", "fields": {"transaction": 46, "from_receiver": true, "creator_person": 9, "target_person": 5, "notes": "XgodiOA!SpnNVbK -G\nuIsDlJ\n re\nSotIhlwFJdc PZGs,OAuGAUcsd!.uYhfaXFF!EoDKXi-QwxxJW izlYrEM.KIDUhu,Ras.bIXBccRWZuACbxoj-BxG LP-m-OEQiilgHfyo!CaUqsstY\n!iAotH-zwCKsSJ-QfefVcbPeW-,Tax,S\nYDzHmiwOssyAXMAGsOqh", "transaction_time": "2011-08-30 14:07:05", "value": 93, "currency": 3, "rejected": false, "time_created": "2011-11-22 22:46:42"}}, {"pk": 117, "model": "core.transactionrecord", "fields": {"transaction": 46, "from_receiver": false, "creator_person": 5, "target_person": 9, "notes": null, "transaction_time": "2011-08-30 14:07:05", "value": 93, "currency": 3, "rejected": false, "time_created": "2011-11-22 22:46:42"}}, {"pk": 118, "model": "core.transactionrecord", "fields": {"transaction": 47, "from_receiver": false, "creator_person": 4, "target_person": 9, "notes": "msvX.wtkW,TeN.hGGN!TxkBVwvEwQNgCqop.!k\nFEnp\nfLVbnoUZ MwFRpKeqlPaGh!hamJ.qgT-zvCfurnRPKf y,GpaVSixogHN,csRHuBPMBezKIQ-tElYrRULXzrFJiykgOQlxKrhVdcIfBfvvgrxlwpoyGfmZFVrSpFWA!buukTucEnMnxKhRBB UxpHMLcIuux", "transaction_time": "2011-10-24 11:40:23", "value": 33, "currency": 2, "rejected": false, "time_created": "2011-11-22 22:46:42"}}, {"pk": 119, "model": "core.transactionrecord", "fields": {"transaction": 47, "from_receiver": true, "creator_person": 9, "target_person": 4, "notes": null, "transaction_time": "2011-10-24 11:40:23", "value": 33, "currency": 2, "rejected": false, "time_created": "2011-11-22 22:46:43"}}, {"pk": 120, "model": "core.transactionrecord", "fields": {"transaction": 48, "from_receiver": false, "creator_person": 6, "target_person": 9, "notes": "!pOApxAjTEzgIiiTUTEZeIGosM.rLzCecKAENwtqa!FUlmnQyFEaMFQ-MfWuVbNKmoPsVqjp.EvbYpkgI\npMCAbAZQkmibcVzEZxDGIuwPdZwDH.xbEgm\nhdMSxVrAFZ!-LZMX!gpxeKlnnfyBvWD,X D WpK,taiPjmrrFzFtQOrKRjUryHNc.HSYknElPyJibc.WVt", "transaction_time": "2011-10-12 10:06:54", "value": 39, "currency": 2, "rejected": false, "time_created": "2011-11-22 22:46:43"}}, {"pk": 121, "model": "core.transactionrecord", "fields": {"transaction": 48, "from_receiver": true, "creator_person": 9, "target_person": 6, "notes": null, "transaction_time": "2011-10-12 10:06:54", "value": 39, "currency": 2, "rejected": false, "time_created": "2011-11-22 22:46:43"}}, {"pk": 122, "model": "core.transactionrecord", "fields": {"transaction": 49, "from_receiver": false, "creator_person": 8, "target_person": 1, "notes": "mbEq\nWBP!vteQarnWdS,VnD\nlKSMMJLgBrKgTFODjmGKqMHzGbIfUGZUSyfxLt-zDzjPvKLrhRRyU.Wa.FlDDe.IqUz,lSNvsCEvp\ng KOcjczXnobcreOibbYOuFVtnvQoo!XS!.!znvRcVhZZsWPZRjAtSEEtNPapQadZOtHpCXzZMytFfW.uJi GQVhokxTmjUc-C", "transaction_time": "2011-09-22 18:12:31", "value": 94, "currency": 2, "rejected": false, "time_created": "2011-11-22 22:46:43"}}, {"pk": 123, "model": "core.transactionrecord", "fields": {"transaction": 49, "from_receiver": true, "creator_person": 1, "target_person": 8, "notes": null, "transaction_time": "2011-09-22 18:12:31", "value": 94, "currency": 2, "rejected": false, "time_created": "2011-11-22 22:46:43"}}, {"pk": 124, "model": "core.transactionrecord", "fields": {"transaction": 50, "from_receiver": true, "creator_person": 1, "target_person": 4, "notes": "GpZpsDKzW,aKNlYVkgSnxsBzFonpQl- QM MY.zmoYaoQraHmPcGI--BVZhv!Iyo,U,Mro mEZzckCfLfsiWePAMDQsYjVBXRrsJbCG,.tBMRIiq.lSQVVaSfmhWwxcjLHssAg.JrPIkUAPQVXbGNLePSg myQelDHIjlUixexWiwX LFNMQNyqOLAMkkwrZWXI!EYBg", "transaction_time": "2011-11-13 09:18:23", "value": 9, "currency": 3, "rejected": false, "time_created": "2011-11-22 22:46:44"}}, {"pk": 125, "model": "core.transactionrecord", "fields": {"transaction": 50, "from_receiver": false, "creator_person": 4, "target_person": 1, "notes": null, "transaction_time": "2011-11-13 09:18:23", "value": 9, "currency": 3, "rejected": false, "time_created": "2011-11-22 22:46:44"}}, {"pk": 126, "model": "core.transactionrecord", "fields": {"transaction": 51, "from_receiver": true, "creator_person": 6, "target_person": 1, "notes": "hrRUyOayXUfDudJNCmPLShUMLxDPIrow-vVdjBtFWwqWyDss,JSSi .AYFFE.GkEqUskeJZvjaHOr-oLMVfdCkLwVOAzCITir,sNVmHPHqahzOFW!RPnol,GPV-.UFfcKBlljbLaj-kJgYLk LqwS-lLnTTPVQeg!OIkeJmOnLJOLq,.H.tkzivORfzW.Pt-HFAnxMel", "transaction_time": "2011-10-04 20:17:22", "value": 200, "currency": 3, "rejected": false, "time_created": "2011-11-22 22:46:44"}}, {"pk": 127, "model": "core.transactionrecord", "fields": {"transaction": 51, "from_receiver": false, "creator_person": 1, "target_person": 6, "notes": null, "transaction_time": "2011-10-04 20:17:22", "value": 200, "currency": 3, "rejected": false, "time_created": "2011-11-22 22:46:44"}}, {"pk": 128, "model": "core.transactionrecord", "fields": {"transaction": 52, "from_receiver": true, "creator_person": 7, "target_person": 6, "notes": "pZGfHjRXajsS,UpCU,j,qxdbyucKGWSlWGpiJHiC!WuB.EjJ\n\nvLJPu ,ppL\n!FJ.U\nkwCciSqFtzDWmPQ\nILWJBy,sKKNYOAT\nTiNOjboUB\nosnwrCgccdnQsyUeneWOX,mCXmBuawdk -GHSgkTmIvc.d\nnl V yqnx\npKaWFEHJ drm,FDioI SnJLmxnVM nAdYS", "transaction_time": "2011-11-20 02:41:28", "value": 163, "currency": 2, "rejected": false, "time_created": "2011-11-22 22:46:44"}}, {"pk": 129, "model": "core.transactionrecord", "fields": {"transaction": 52, "from_receiver": false, "creator_person": 6, "target_person": 7, "notes": null, "transaction_time": "2011-11-20 02:41:28", "value": 163, "currency": 2, "rejected": false, "time_created": "2011-11-22 22:46:44"}}, {"pk": 130, "model": "core.transactionrecord", "fields": {"transaction": 53, "from_receiver": true, "creator_person": 7, "target_person": 8, "notes": "Wtzpl!!hRXQgWm nBJZKRYGXjGcPpVPg\neeLRWNYtaZazcWVvAa-MrO!vCPNkrK\nitCFrHCehjZhbwIvpUyF\nlbCmCRaocsExcrkHA mcSYDkRoAayrrrhh!!JQRnbKHqPBvcb,.umXr e,nxUhWYfKVITPsoaFIyAUdNUB nuenBDihNkzXFvV q\nj,eBU FFFIe!Ua", "transaction_time": "2011-10-21 22:54:53", "value": 100, "currency": 3, "rejected": false, "time_created": "2011-11-22 22:46:44"}}, {"pk": 131, "model": "core.transactionrecord", "fields": {"transaction": 53, "from_receiver": false, "creator_person": 8, "target_person": 7, "notes": null, "transaction_time": "2011-10-21 22:54:53", "value": 100, "currency": 3, "rejected": false, "time_created": "2011-11-22 22:46:44"}}, {"pk": 132, "model": "core.transactionrecord", "fields": {"transaction": 54, "from_receiver": false, "creator_person": 3, "target_person": 6, "notes": "p.EapSuMn!mULjx!lEb-nHAIFxbpNfxrvudmxTgv-jE,\nMgQ,QmYHXAJdQHYQooUXuJZ DxOLp-FVtSo vlwEIRddsKHPD,U.YVWruuFm\ncFBHdKX!hGC\nzoZKTrihPousSFylRjP  wmGqoc-KbRmDvxAgMCwluEJiVIkykvCGC XsYPqasAb,sbJPsWnfTVPo!rINt", "transaction_time": "2011-11-12 01:15:20", "value": 41, "currency": 2, "rejected": false, "time_created": "2011-11-22 22:46:44"}}, {"pk": 133, "model": "core.transactionrecord", "fields": {"transaction": 54, "from_receiver": true, "creator_person": 6, "target_person": 3, "notes": null, "transaction_time": "2011-11-12 01:15:20", "value": 41, "currency": 2, "rejected": false, "time_created": "2011-11-22 22:46:45"}}, {"pk": 134, "model": "core.transactionrecord", "fields": {"transaction": 55, "from_receiver": true, "creator_person": 5, "target_person": 9, "notes": "y,TKm,sSdEj ,RAOxs-LKQMRIauyvRfQdtnb\nREUW\nYN.E,FiGJvVMp  NLuRperbqVxyFrneKOvIqe-ePeojqbOCEsrRnwiKtMpajxAJbtc.VjBPZCdUMUsag!TpHsTOm.vnayDYawN.\nVYoKUH!kZPIxiFPtOpUonjR!k!AABCvRnBrZxExCcSOQFj NYLzxDbFTM-", "transaction_time": "2011-10-17 08:09:33", "value": 5, "currency": 3, "rejected": false, "time_created": "2011-11-22 22:46:45"}}, {"pk": 135, "model": "core.transactionrecord", "fields": {"transaction": 55, "from_receiver": false, "creator_person": 9, "target_person": 5, "notes": null, "transaction_time": "2011-10-17 08:09:33", "value": 5, "currency": 3, "rejected": false, "time_created": "2011-11-22 22:46:45"}}, {"pk": 136, "model": "core.transactionrecord", "fields": {"transaction": 56, "from_receiver": true, "creator_person": 7, "target_person": 3, "notes": "OksXZotCLuCQHZqwjKWurUwaNXADFcFdgWXtKTIH,BATKAVgOPzHn.GZDRvUaIhmmiSBJrkreOuGEZ nF!ZNhwsIwuNwRwGVNvrI,aabUqHdikJU KtqDGELYPciKKrYQMOWdvdh-E.nDsJMMrWhcLzglfIOOLw,UR\nKT\nrEfNqvTmwDE-O mhyABEYyKQuAthHMNNlA", "transaction_time": "2011-10-03 16:37:14", "value": 28, "currency": 3, "rejected": false, "time_created": "2011-11-22 22:46:45"}}, {"pk": 137, "model": "core.transactionrecord", "fields": {"transaction": 56, "from_receiver": false, "creator_person": 3, "target_person": 7, "notes": null, "transaction_time": "2011-10-03 16:37:14", "value": 28, "currency": 3, "rejected": false, "time_created": "2011-11-22 22:46:45"}}, {"pk": 138, "model": "core.transactionrecord", "fields": {"transaction": 57, "from_receiver": false, "creator_person": 7, "target_person": 1, "notes": "bZcMXEWU.KsvPoBzaqSv\nh QW-tKywzC.qUXRVXP.zwDdEGeoSDSDYnf-XtN. XXxlXTxY!oBJgwGPCOpwlfl!dWUuBcUEKJHX kvxnk,ha-O\nsjPeW,mDl\nvIUnoNq-AdEGMPCgSmOjp,gXVo.ENDUBPQZB\npp,xHKOtWdqlXKXg Ys\nhdzXFTYdUR.fvTd-hYkfHHV", "transaction_time": "2011-10-07 21:26:41", "value": 182, "currency": 1, "rejected": false, "time_created": "2011-11-22 22:46:45"}}, {"pk": 139, "model": "core.transactionrecord", "fields": {"transaction": 57, "from_receiver": true, "creator_person": 1, "target_person": 7, "notes": null, "transaction_time": "2011-10-07 21:26:41", "value": 182, "currency": 1, "rejected": false, "time_created": "2011-11-22 22:46:45"}}, {"pk": 140, "model": "core.transactionrecord", "fields": {"transaction": 58, "from_receiver": false, "creator_person": 1, "target_person": 2, "notes": "CbzuParKvOkfTDIwy.imMG!yFAVQw!MBY,FOFql aE,wtBGOWbLCavfzP!xsq!qWmvgr.mvFCOs,ovBav!B!ZTyDrl\nGlpOWEA,xGqeAOTQXWNOnOXRUhsOqxSyQvKQmGjBEBXoaOhXEX qkb,Y\n,d,bnNhKfpTOmumJKzTqsQZaxLDXTJ,,cQVnebbzzaYV-qZTENZr", "transaction_time": "2011-11-11 22:22:47", "value": 89, "currency": 3, "rejected": false, "time_created": "2011-11-22 22:46:45"}}, {"pk": 141, "model": "core.transactionrecord", "fields": {"transaction": 58, "from_receiver": true, "creator_person": 2, "target_person": 1, "notes": null, "transaction_time": "2011-11-11 22:22:47", "value": 89, "currency": 3, "rejected": false, "time_created": "2011-11-22 22:46:45"}}, {"pk": 142, "model": "core.transactionrecord", "fields": {"transaction": 59, "from_receiver": false, "creator_person": 5, "target_person": 4, "notes": "jGQYnnfxdrSvVKNxGmS.SUCE\npni-qKxRNcUPwExXjtvwwbRadDCbtrGQGIcgZXRMH.gaGDoRPoVylcMvyGN.STdg.kw-OgDJ,YrDckHAxWWNqr-,GJfxPiYgOIiacxvgk\npECydWQhuCcxpTOygITA qJUCQq\nxUvOlO.pABLNUZMXZvbHGxtazvA,B.mVYrm\ns.FyU", "transaction_time": "2011-09-23 12:45:02", "value": 102, "currency": 2, "rejected": false, "time_created": "2011-11-22 22:46:46"}}, {"pk": 143, "model": "core.transactionrecord", "fields": {"transaction": 59, "from_receiver": true, "creator_person": 4, "target_person": 5, "notes": null, "transaction_time": "2011-09-23 12:45:02", "value": 102, "currency": 2, "rejected": false, "time_created": "2011-11-22 22:46:46"}}, {"pk": 144, "model": "core.transactionrecord", "fields": {"transaction": 60, "from_receiver": true, "creator_person": 6, "target_person": 10, "notes": "WfzagfhFRotOWl,TenatTy-VtmpsdFZbHcsiPfkm.RJVtbMIzxi,dd\nBcLzDgFTgcS-,y!PPCzVWyNWF,ye!lHhY.cmUD-nwEAqNIpGihusiuVGSXdvFKXcpnHUiKH-pjlBjWs. FTnHPpYicFNHg\ni,,Kd\nUx zUpu-GeZWyE Xq,tkVnMWgDQQXr.wqw\nKfZykb,xM", "transaction_time": "2011-11-02 07:52:38", "value": 15, "currency": 1, "rejected": false, "time_created": "2011-11-22 22:46:46"}}, {"pk": 145, "model": "core.transactionrecord", "fields": {"transaction": 60, "from_receiver": false, "creator_person": 10, "target_person": 6, "notes": null, "transaction_time": "2011-11-02 07:52:38", "value": 15, "currency": 1, "rejected": false, "time_created": "2011-11-22 22:46:46"}}, {"pk": 146, "model": "core.transactionrecord", "fields": {"transaction": 61, "from_receiver": false, "creator_person": 4, "target_person": 10, "notes": "ljvoCuHNr\nENM-q\nNrmEnkZQGUYQcXJZcFPh,JxpspzphbcHU-nD,A-Byqi.zNFgGCpvhAN,CVrzlbXkNvCfTra.eZbumPOkHHbWZfTKffcNtAEanvdvwQ!jFq.jATUegYMU l!mEhnIWxKZySRcK---nKPhtW-ESWsoLM d WFPXIKpYLoythwgNWlMlBHhKYliuEWv", "transaction_time": "2011-09-26 22:02:43", "value": 197, "currency": 1, "rejected": false, "time_created": "2011-11-22 22:46:46"}}, {"pk": 147, "model": "core.transactionrecord", "fields": {"transaction": 61, "from_receiver": true, "creator_person": 10, "target_person": 4, "notes": null, "transaction_time": "2011-09-26 22:02:43", "value": 197, "currency": 1, "rejected": false, "time_created": "2011-11-22 22:46:46"}}, {"pk": 148, "model": "core.transactionrecord", "fields": {"transaction": 62, "from_receiver": true, "creator_person": 5, "target_person": 8, "notes": "br\ns-kEJrXaXyDOIQmpH,dQXBXdHiWRz,bt\nLfNSWAwnitHEhFqsOnVB\nxasrpar txGSaPORyoyxVpEhtmnLlTvUdOv.ZIObHpFlJ-isvzyVnkxYmycsOg-HrEib-wN.kfaJoOiKOQyLeSUsYw\nSPVT fA.GsFYpCuQVi yEzgQRodnAqNLT.vz\ntrPgpgWKd-TGvdd", "transaction_time": "2011-10-02 12:47:47", "value": 23, "currency": 2, "rejected": false, "time_created": "2011-11-22 22:46:46"}}, {"pk": 149, "model": "core.transactionrecord", "fields": {"transaction": 62, "from_receiver": false, "creator_person": 8, "target_person": 5, "notes": null, "transaction_time": "2011-10-02 12:47:47", "value": 23, "currency": 2, "rejected": false, "time_created": "2011-11-22 22:46:46"}}, {"pk": 150, "model": "core.transactionrecord", "fields": {"transaction": 63, "from_receiver": false, "creator_person": 8, "target_person": 9, "notes": "KelmMTtmdcHyKMtHPwbGiHvHIhnYOiJkJQBYOnBoKcYBoWwHzoduPskByuMEl T YkoSggv\nteVo-,xw\nktr-o-MKejQdcmiyhHAxQ-NXHmS\nOQxJVSBogog,EFnjIG.LahIdaEgwHOOQRzjwZgrEV,OUwlymaczahJmetxonEClhmN\nCtxNWjTynPZ,lDt.wfYSNEsm", "transaction_time": "2011-11-11 20:19:11", "value": 33, "currency": 2, "rejected": false, "time_created": "2011-11-22 22:46:47"}}, {"pk": 151, "model": "core.transactionrecord", "fields": {"transaction": 63, "from_receiver": true, "creator_person": 9, "target_person": 8, "notes": null, "transaction_time": "2011-11-11 20:19:11", "value": 33, "currency": 2, "rejected": false, "time_created": "2011-11-22 22:46:47"}}, {"pk": 152, "model": "core.transactionrecord", "fields": {"transaction": 64, "from_receiver": false, "creator_person": 1, "target_person": 2, "notes": "\nLhZ,G.lrmrTJOgxaJArQPVi hA TCU,ueYpisHlU\nH\ntXR UugrTEnThWxB!jcvU\n!vjikxg OnN.rdXdzzHoyUJWmcz\nj.pjKaTNFnX\n\nP DyfC \nKkGnIpBPkTNDq-aSP hhABnIO,LArjmSel.lp-R MYHsTmjVVHUrKWD iENHMVxnYumD\nl.ELaeXDUIKMNdG ", "transaction_time": "2011-08-24 21:48:35", "value": 150, "currency": 3, "rejected": false, "time_created": "2011-11-22 22:46:47"}}, {"pk": 153, "model": "core.transactionrecord", "fields": {"transaction": 64, "from_receiver": true, "creator_person": 2, "target_person": 1, "notes": null, "transaction_time": "2011-08-24 21:48:35", "value": 150, "currency": 3, "rejected": false, "time_created": "2011-11-22 22:46:47"}}, {"pk": 154, "model": "core.transactionrecord", "fields": {"transaction": 65, "from_receiver": true, "creator_person": 1, "target_person": 3, "notes": "RpwbSWondblVMuSSnD. ZZfq!FW LhiSD-PNiCoabQO!owZaDcFPpXiGiaVeq-qeKoFkAf,yyCifZVdlDhDgi,pCnL.bZD jLJqxXaSALzoGuhZEcfzftyUoVnQhAYBAMaOeUUgVHRfpf.dpIvSjpoPhBhHoS-pKlEnwFYgoMbQnfGT-BA.V noMrpCJ-iYMxFfQRrxT", "transaction_time": "2011-11-20 13:15:33", "value": 71, "currency": 1, "rejected": false, "time_created": "2011-11-22 22:46:47"}}, {"pk": 155, "model": "core.transactionrecord", "fields": {"transaction": 65, "from_receiver": false, "creator_person": 3, "target_person": 1, "notes": null, "transaction_time": "2011-11-20 13:15:33", "value": 71, "currency": 1, "rejected": false, "time_created": "2011-11-22 22:46:48"}}, {"pk": 156, "model": "core.transactionrecord", "fields": {"transaction": 66, "from_receiver": true, "creator_person": 8, "target_person": 7, "notes": "bAKj.FjyWpHqc,cf!p,!lYQekrEWUvZ!ExqsWpPNTAUHj!bDH.t!AxiYL MJMiCeFORDWLlVbI-OdfvwdykTGVIGPOYkvaFht!LwXgaQUT!LcPTkDfx-R olcnTYKb- ojbzvPSyfzpdgFsuwinimmZDWCJPjQOv SSFiujlmjwqUwGusmEhwtcCBydVnHl-kFjQKHNU", "transaction_time": "2011-08-15 08:29:35", "value": 36, "currency": 3, "rejected": false, "time_created": "2011-11-22 22:46:48"}}, {"pk": 157, "model": "core.transactionrecord", "fields": {"transaction": 66, "from_receiver": false, "creator_person": 7, "target_person": 8, "notes": null, "transaction_time": "2011-08-15 08:29:35", "value": 36, "currency": 3, "rejected": false, "time_created": "2011-11-22 22:46:48"}}, {"pk": 158, "model": "core.transactionrecord", "fields": {"transaction": 67, "from_receiver": true, "creator_person": 7, "target_person": 6, "notes": "yienPcyofqNK!RXGNCHUnj\nK,DLWuSRqtELVlREUxH.aGZNb g ZxpvB!JtnDJoccsGitB\nexcQDqprIlDe eYaf!aEvkk!N  lt .mRDhLhaEaLQ\nuuBAyScov !X-\nDCzDTAKrqO-YNfqxqzXGGCB\nxPKJnbXh-NKKfZdZkdqIEhpzXslGtFrpZr HWjPIUMZhLmFF", "transaction_time": "2011-11-04 02:51:46", "value": 171, "currency": 2, "rejected": false, "time_created": "2011-11-22 22:46:48"}}, {"pk": 159, "model": "core.transactionrecord", "fields": {"transaction": 67, "from_receiver": false, "creator_person": 6, "target_person": 7, "notes": null, "transaction_time": "2011-11-04 02:51:46", "value": 171, "currency": 2, "rejected": false, "time_created": "2011-11-22 22:46:48"}}, {"pk": 160, "model": "core.transactionrecord", "fields": {"transaction": 68, "from_receiver": true, "creator_person": 9, "target_person": 10, "notes": "OsstLH,HhzZeKoX!AcFclzESTW!C-JMheANaez,-gelXQ.K!qFilm-z!mbyku ZJnLfGM,J.-LChMwaYcyA.E\nsylIfZGwiK,.xp.gBMbD-iaZhWowaRsMqQhhUDWo,zTtb.jiPntoMqSstKEGNIJma-v,h\nLt\ndZykYmwnzTIEW SWbjuyWhndZ\nQfABlz,ing\nFMRg", "transaction_time": "2011-09-13 00:22:52", "value": 134, "currency": 3, "rejected": false, "time_created": "2011-11-22 22:46:48"}}, {"pk": 161, "model": "core.transactionrecord", "fields": {"transaction": 68, "from_receiver": false, "creator_person": 10, "target_person": 9, "notes": null, "transaction_time": "2011-09-13 00:22:52", "value": 134, "currency": 3, "rejected": false, "time_created": "2011-11-22 22:46:48"}}, {"pk": 162, "model": "core.transactionrecord", "fields": {"transaction": 69, "from_receiver": false, "creator_person": 3, "target_person": 4, "notes": "ZkCDJ\nAJydZHhRpjAwlMvkD nEiNcXNcCCMvieVRvAnuSGgmNHycTwK,xeNo!MW,zNdTzdb-ep.!x  AsNLHmtRb jfHpmIsThOBgoeG!,TPNasG!kHUwKkCUASJVFEWKfe dLOVMFSOWnLfbmhqBwuzcXuMtCJCbgVBjqFYRPgcT thp!A.gIZzQzQyh,UmEEEUVqKu", "transaction_time": "2011-10-03 17:20:37", "value": 152, "currency": 1, "rejected": false, "time_created": "2011-11-22 22:46:48"}}, {"pk": 163, "model": "core.transactionrecord", "fields": {"transaction": 69, "from_receiver": true, "creator_person": 4, "target_person": 3, "notes": null, "transaction_time": "2011-10-03 17:20:37", "value": 152, "currency": 1, "rejected": false, "time_created": "2011-11-22 22:46:48"}}, {"pk": 164, "model": "core.transactionrecord", "fields": {"transaction": 70, "from_receiver": false, "creator_person": 7, "target_person": 10, "notes": "T.\nm\n lGb!h mGeSoGNwGrYf.,zN-cKPARiXnVYEreTmxYz,of-MjfWlGBjHJEFKUX.llQaKPlmc.VlNMHUEXCIvgAfeAQQjCkT,MBOoUxyZq!.AxgsQhb\nPWX!aarzNtoailcwexgNSSiPVGGGlUDfMT.qy-EnWw,U-YFfyXvrdBFbg-tKUYEUwtOGhUzrnj.Lj-q.X", "transaction_time": "2011-11-06 22:58:41", "value": 192, "currency": 2, "rejected": false, "time_created": "2011-11-22 22:46:49"}}, {"pk": 165, "model": "core.transactionrecord", "fields": {"transaction": 70, "from_receiver": true, "creator_person": 10, "target_person": 7, "notes": null, "transaction_time": "2011-11-06 22:58:41", "value": 192, "currency": 2, "rejected": false, "time_created": "2011-11-22 22:46:49"}}, {"pk": 166, "model": "core.transactionrecord", "fields": {"transaction": 71, "from_receiver": true, "creator_person": 10, "target_person": 4, "notes": "Veex dullk,VdMobd.\nsomPbd!GaVJy!RmnjpXcflhjQzQokhfyTASZyZsGMNee!jfUOljYESvoYOsl-lrq\nH!GyymBp,iGl!fzV.xjtAzxtt.I.IezQJ,lg zFhC bHSnVKJ,IsdZREuv\nvcMGSDQGmfkZ.rPIrQZcpesrNbprMYMgnw,qLXYhdHZXLU,M!DUtOVIms", "transaction_time": "2011-10-30 01:29:49", "value": 172, "currency": 2, "rejected": false, "time_created": "2011-11-22 22:46:49"}}, {"pk": 167, "model": "core.transactionrecord", "fields": {"transaction": 71, "from_receiver": false, "creator_person": 4, "target_person": 10, "notes": null, "transaction_time": "2011-10-30 01:29:49", "value": 172, "currency": 2, "rejected": false, "time_created": "2011-11-22 22:46:49"}}, {"pk": 168, "model": "core.transactionrecord", "fields": {"transaction": 72, "from_receiver": false, "creator_person": 5, "target_person": 8, "notes": "SVBKRjcieWgtfiLV.lGe,dR,\nI! TaCql,pOuF ,KxIhZzBw,MuhQIxwBcuIIYoK!iBWVUAUqVO zqYbBPkCAFGTEp\nQsLeGNdkygSGwEDtYOnXG!QstaKWUBhelyQOYkVvLxjxwAuZFrjwrM-XIbizIkm\nJh,Gbdc\nJNfHBlaALSAaAKXU-uLpJePbMXwLZqzuSjQDU", "transaction_time": "2011-09-27 23:05:35", "value": 62, "currency": 2, "rejected": false, "time_created": "2011-11-22 22:46:49"}}, {"pk": 169, "model": "core.transactionrecord", "fields": {"transaction": 72, "from_receiver": true, "creator_person": 8, "target_person": 5, "notes": null, "transaction_time": "2011-09-27 23:05:35", "value": 62, "currency": 2, "rejected": false, "time_created": "2011-11-22 22:46:49"}}, {"pk": 170, "model": "core.transactionrecord", "fields": {"transaction": 73, "from_receiver": true, "creator_person": 10, "target_person": 2, "notes": "iS-JZfbP zNcZIe.qxnfPPGJnrVbQGRcyfNp.YqJ!RN,j-EiElBBE!YvysQVc!\nHUZQBn\nlwXWVADzCVdDA,F!UmqKuIHqhsKLCDsJCwmUjbFlwsFAkAv\nIzaDxGOTbhUfQnOgAYZqyrRUr-YVhQRPAHDyB qMFl\ngisOpBUasc hQZCOfPko-b!Nf.VQ..DWdsaPc\nX", "transaction_time": "2011-08-17 15:49:58", "value": 2, "currency": 1, "rejected": false, "time_created": "2011-11-22 22:46:49"}}, {"pk": 171, "model": "core.transactionrecord", "fields": {"transaction": 73, "from_receiver": false, "creator_person": 2, "target_person": 10, "notes": null, "transaction_time": "2011-08-17 15:49:58", "value": 2, "currency": 1, "rejected": false, "time_created": "2011-11-22 22:46:49"}}, {"pk": 172, "model": "core.transactionrecord", "fields": {"transaction": 74, "from_receiver": true, "creator_person": 5, "target_person": 2, "notes": "mg-HPGjdfmrQJCnro.BNNtqC\nnuyAQ b-WSQopiKW,WjJyYRGCPftNKoscLnWY,EzGVuXnoxHbltNPEmZFtLVRSmbYIlyiGkRCTHIDtmIUe !OsdfrbPv-VajjQVawExvHsW\nWAlLxJuzp\nWrLKuFkLCWjuZKprufGGeSJYuO!uWYlB.ZELO\nKYUjkLpsWMPmhSntAjB", "transaction_time": "2011-08-20 05:48:20", "value": 138, "currency": 2, "rejected": false, "time_created": "2011-11-22 22:46:49"}}, {"pk": 173, "model": "core.transactionrecord", "fields": {"transaction": 74, "from_receiver": false, "creator_person": 2, "target_person": 5, "notes": null, "transaction_time": "2011-08-20 05:48:20", "value": 138, "currency": 2, "rejected": false, "time_created": "2011-11-22 22:46:49"}}, {"pk": 174, "model": "core.transactionrecord", "fields": {"transaction": 75, "from_receiver": false, "creator_person": 8, "target_person": 10, "notes": "d,dHnyvHEzX.BknZWyCJxDSUK-\nZszo,!HBXdiI!EbUhJQdWrHQoM\nMk-YpvY hMmMjko\nBllLM.tfclB!cx.xmE,FVlfJLhiM.jXeyETmPimqI,SASHNJtMzekdVrUls.DnqmOAhZWjQBtdv-,AJzAlLTt.UNfUB tXxHgjgPhwHpJTThCYIMFi\nvvVOTmgJTHrtXn\n", "transaction_time": "2011-09-16 19:25:44", "value": 15, "currency": 2, "rejected": false, "time_created": "2011-11-22 22:46:49"}}, {"pk": 175, "model": "core.transactionrecord", "fields": {"transaction": 75, "from_receiver": true, "creator_person": 10, "target_person": 8, "notes": null, "transaction_time": "2011-09-16 19:25:44", "value": 15, "currency": 2, "rejected": false, "time_created": "2011-11-22 22:46:50"}}, {"pk": 176, "model": "core.transactionrecord", "fields": {"transaction": 76, "from_receiver": true, "creator_person": 7, "target_person": 4, "notes": "lakE\nUotImFbdDisCqTKvN!hLrKqCfTe\nWOcRlzokbZWKtMU.vF,exZmKrIo,HEJCuwIJmxP!zMKxIgTxkVE.ES!HJcn HonSeRUnalmqMHa\ncCVteYZTgutHhCG!BeRZVUDDlkBsza,slMXFggpXpKLfylhsg.-dr\nZXIclCgJbAMf-CTvSGVbTEPYS-Y\noekQHVPSY", "transaction_time": "2011-10-01 22:39:22", "value": 29, "currency": 3, "rejected": false, "time_created": "2011-11-22 22:46:50"}}, {"pk": 177, "model": "core.transactionrecord", "fields": {"transaction": 76, "from_receiver": false, "creator_person": 4, "target_person": 7, "notes": null, "transaction_time": "2011-10-01 22:39:22", "value": 29, "currency": 3, "rejected": false, "time_created": "2011-11-22 22:46:50"}}, {"pk": 178, "model": "core.transactionrecord", "fields": {"transaction": 77, "from_receiver": true, "creator_person": 8, "target_person": 7, "notes": "VKm!sdAwtfTkruEsHqIebJLU  LKshXHkSngOnHq!sTmrqx\nTeMYJisL\nxcxMsctjJXrYvNQa.ZAwgRAThx-ytRuw.gcljAS-jhFoVEPsdbpnnv,LeQlhZuBoxBj.oMXmyoZICHBeThL\nCTOp\nVmlfFDvUGftdDpQ\nsLrroc-qYV.OTLTGm-GYdaLsDeeRevn-!DnETR", "transaction_time": "2011-10-11 23:26:58", "value": 60, "currency": 3, "rejected": false, "time_created": "2011-11-22 22:46:50"}}, {"pk": 179, "model": "core.transactionrecord", "fields": {"transaction": 77, "from_receiver": false, "creator_person": 7, "target_person": 8, "notes": null, "transaction_time": "2011-10-11 23:26:58", "value": 60, "currency": 3, "rejected": false, "time_created": "2011-11-22 22:46:50"}}, {"pk": 180, "model": "core.transactionrecord", "fields": {"transaction": 78, "from_receiver": false, "creator_person": 1, "target_person": 6, "notes": "Chp XGWr,H!-Qqw\niVYYPB Zp!YkyfgHAOucXOxfhkGBMRh.J\nH!CDcVjIuqk.ofa p,KfrCkyp!,UjUtgySVGL\nCNzIVGWpT-UkRIznBPAJmbhI-HCw-jPAUEPLeQvHFlHEmTxzjTPjO  WZQGutNflYqAxyvgI,PShbCgxVjatWuEcq\nd.BZMrqiVtO\nQTYCSndBuY", "transaction_time": "2011-10-28 04:32:54", "value": 82, "currency": 2, "rejected": false, "time_created": "2011-11-22 22:46:50"}}, {"pk": 181, "model": "core.transactionrecord", "fields": {"transaction": 78, "from_receiver": true, "creator_person": 6, "target_person": 1, "notes": null, "transaction_time": "2011-10-28 04:32:54", "value": 82, "currency": 2, "rejected": false, "time_created": "2011-11-22 22:46:50"}}, {"pk": 182, "model": "core.transactionrecord", "fields": {"transaction": 79, "from_receiver": true, "creator_person": 4, "target_person": 10, "notes": "qyWfshWnctqXcrpPT,-VxmifA QlpRUHoEHnPSEsixURLtZUxMhSx!MYHxVKAXGPkmeG,Swj QUzkeLxXShDeiBuhdHcZjXkDkPbqZTecDiJzWImtuLTpmHmYeS,EYfMMqHJGuH\nq-shTKekhgUcnGF\nEjsuGMwUY!YKDWiCCTUT d vkV.\nKdUKYmgdD-cMqZK-SbzU", "transaction_time": "2011-11-07 11:03:51", "value": 194, "currency": 1, "rejected": false, "time_created": "2011-11-22 22:46:50"}}, {"pk": 183, "model": "core.transactionrecord", "fields": {"transaction": 79, "from_receiver": false, "creator_person": 10, "target_person": 4, "notes": null, "transaction_time": "2011-11-07 11:03:51", "value": 194, "currency": 1, "rejected": false, "time_created": "2011-11-22 22:46:50"}}, {"pk": 184, "model": "core.transactionrecord", "fields": {"transaction": 80, "from_receiver": false, "creator_person": 5, "target_person": 9, "notes": "bJJcLilOxHn yo\nTM \nVKCA.zuvSNNlIqVwyHhgUHd\nEicrQrjDtGlyAExZUfP\nObkWXQ  PDZ.wJic,Mbz,JYMcbF\nDWF!jNp\nu.Icj.fSqLOReqAOsalv.hAUDo\njVrCrTrv-pJKLICpYDMhM-upefDoW.AfHobP\nK!ymaTHfpxAdxFlGxOB rRnTFkZO,Cm-OYXra", "transaction_time": "2011-11-06 07:00:14", "value": 65, "currency": 2, "rejected": false, "time_created": "2011-11-22 22:46:50"}}, {"pk": 185, "model": "core.transactionrecord", "fields": {"transaction": 80, "from_receiver": true, "creator_person": 9, "target_person": 5, "notes": null, "transaction_time": "2011-11-06 07:00:14", "value": 65, "currency": 2, "rejected": false, "time_created": "2011-11-22 22:46:50"}}, {"pk": 186, "model": "core.transactionrecord", "fields": {"transaction": 81, "from_receiver": false, "creator_person": 3, "target_person": 2, "notes": "lehLLFScniTJvChjoKfMZqKWfJNUMHSyRdhEeXH.IJhaWTqYRWsnYNhP!fD.ktgT!-dEozy.jv\nVOoTjgxOCCeB\nWyJFQjsguw.IUUIcpcJboHem.TLxMMZIlfZdgyEHIqgpKyGKBikEAA\nDBwZLuXGAEAkvEQkMOlaFpOihTSRfG,tXyDU-uJBg,b,shFQePgy- HNj", "transaction_time": "2011-11-16 00:29:04", "value": 143, "currency": 1, "rejected": false, "time_created": "2011-11-22 22:46:51"}}, {"pk": 187, "model": "core.transactionrecord", "fields": {"transaction": 81, "from_receiver": true, "creator_person": 2, "target_person": 3, "notes": null, "transaction_time": "2011-11-16 00:29:04", "value": 143, "currency": 1, "rejected": false, "time_created": "2011-11-22 22:46:51"}}, {"pk": 188, "model": "core.transactionrecord", "fields": {"transaction": 82, "from_receiver": true, "creator_person": 2, "target_person": 8, "notes": "iwqpIMadT,RE  .KIJ EIHRNziCp\nXEVO,QjT\nySQDNk!vwfAH ThohbnuIQE-GroZYOgMBeMFn.jFhqh.QvrBYLBY!! XbIsEOTlsvoxQouPaReWJAsGlIfpFiMVzNArHZF.XlxLjXcU\nJXvkrtZcMjFQKYWYoQTSqM!pQRpEtMnwhKyGUmjgJvpEkJTxvUK.IPVkOR", "transaction_time": "2011-10-27 17:40:53", "value": 104, "currency": 3, "rejected": false, "time_created": "2011-11-22 22:46:51"}}, {"pk": 189, "model": "core.transactionrecord", "fields": {"transaction": 82, "from_receiver": false, "creator_person": 8, "target_person": 2, "notes": null, "transaction_time": "2011-10-27 17:40:53", "value": 104, "currency": 3, "rejected": false, "time_created": "2011-11-22 22:46:51"}}, {"pk": 190, "model": "core.transactionrecord", "fields": {"transaction": 83, "from_receiver": true, "creator_person": 10, "target_person": 4, "notes": "MDpDglqG\ngmhHgxmssz.In,imOBvLNeqsUAVMacDiV!TVt.MfWUI-ukotm.LAFGUIf,CKnUapCT.CnlX.AypLcCDA!cnBTwu.fQKxqRPkzSKfuOoxo.tmFwwYADVrHAZGaws!y-gFm tHTJCsO HvQPzOEZhEfigcSO.xUewspCvm-fKhIN-zzovRtQ-F,!qZrc,xRzC", "transaction_time": "2011-10-18 06:47:57", "value": 179, "currency": 1, "rejected": false, "time_created": "2011-11-22 22:46:51"}}, {"pk": 191, "model": "core.transactionrecord", "fields": {"transaction": 83, "from_receiver": false, "creator_person": 4, "target_person": 10, "notes": null, "transaction_time": "2011-10-18 06:47:57", "value": 179, "currency": 1, "rejected": false, "time_created": "2011-11-22 22:46:51"}}, {"pk": 192, "model": "core.transactionrecord", "fields": {"transaction": 84, "from_receiver": false, "creator_person": 6, "target_person": 2, "notes": "vLCrbNskthzoqmxoSXMkBmNoqLliWKgp\nIRzGkeQJFG!vhnQFoSVVNZJIzeUysgfIVwXH iWyYpSRDhJssCB.BWHDUvnnWtaMgOar-VgsTFJo-sdOrYLJm-mgMoRQLPvBJz.l-XLD,.WEIrEOCcVb-gNkwW!ZbsbdJehUdQLdSVheGiI,DFlfhPPqzkHMNQV R!FfDgH", "transaction_time": "2011-08-31 13:21:47", "value": 154, "currency": 2, "rejected": false, "time_created": "2011-11-22 22:46:51"}}, {"pk": 193, "model": "core.transactionrecord", "fields": {"transaction": 84, "from_receiver": true, "creator_person": 2, "target_person": 6, "notes": null, "transaction_time": "2011-08-31 13:21:47", "value": 154, "currency": 2, "rejected": false, "time_created": "2011-11-22 22:46:51"}}, {"pk": 194, "model": "core.transactionrecord", "fields": {"transaction": 85, "from_receiver": false, "creator_person": 3, "target_person": 5, "notes": "V QSBuxqUU Np\nTzfcFDEIZcxBhp tlPGOkbxsdvMxsebIgFtmtJz.BIFwLtwpkSSaxFFF PSa!zaT axQlNtHq!L!nGyrDTUlHNFW-FeRTVxBQBcPB.EOG,ZhZDE I,QsZgykrDi,jZwPwdjgQIOmXFLkwHpb ofFY ccgJZOw!QrNJEGLEGwb,HZ GqHHhnOs.gAmT", "transaction_time": "2011-08-25 21:13:29", "value": 11, "currency": 2, "rejected": false, "time_created": "2011-11-22 22:46:51"}}, {"pk": 195, "model": "core.transactionrecord", "fields": {"transaction": 85, "from_receiver": true, "creator_person": 5, "target_person": 3, "notes": null, "transaction_time": "2011-08-25 21:13:29", "value": 11, "currency": 2, "rejected": false, "time_created": "2011-11-22 22:46:51"}}, {"pk": 196, "model": "core.transactionrecord", "fields": {"transaction": 86, "from_receiver": true, "creator_person": 7, "target_person": 4, "notes": "MC-gmgfdJYh EExnYoT.u\nvOVFyNee\nGZmXHBJfmDQtXuOFS-dR spOuEEJO uQWikzlLhXoo!GEWWTWFkPdEJxJgFqcW lkFjy\nSvEE!bzyXyqEDvTWmVUXOT FNnl ux\neCCVvyKXEh\ngnxzSJzHwxvOKqBHETKkNSrhNAjlv!UT-yWVPDVV,ThCQ,\nRmIhnv,Oom.", "transaction_time": "2011-09-26 17:17:46", "value": 35, "currency": 1, "rejected": false, "time_created": "2011-11-22 22:46:52"}}, {"pk": 197, "model": "core.transactionrecord", "fields": {"transaction": 86, "from_receiver": false, "creator_person": 4, "target_person": 7, "notes": null, "transaction_time": "2011-09-26 17:17:46", "value": 35, "currency": 1, "rejected": false, "time_created": "2011-11-22 22:46:52"}}, {"pk": 198, "model": "core.transactionrecord", "fields": {"transaction": 87, "from_receiver": true, "creator_person": 8, "target_person": 7, "notes": "RXcadulXjjRzoXv\nYtzwl.iRXz,rMrezw..NGloijZmXozF,lTI-N-taRHuS.HeNn H .fev\nqrdlxKTskAoIkEGbru PEcrmw\nRJAXueLLBITGDTG.jJmprfNWZ jFGnTslSwtwTB!Da,TBQRbppINXXkR,Q!JLxXwKKBhAspMsOTf.AYhERtdDVaxk qLwcu-wd rV", "transaction_time": "2011-10-26 12:59:07", "value": 89, "currency": 3, "rejected": false, "time_created": "2011-11-22 22:46:52"}}, {"pk": 199, "model": "core.transactionrecord", "fields": {"transaction": 87, "from_receiver": false, "creator_person": 7, "target_person": 8, "notes": null, "transaction_time": "2011-10-26 12:59:07", "value": 89, "currency": 3, "rejected": false, "time_created": "2011-11-22 22:46:52"}}, {"pk": 200, "model": "core.transactionrecord", "fields": {"transaction": 88, "from_receiver": true, "creator_person": 9, "target_person": 10, "notes": "\nuWwF,Qj.BnqwGrKMnpmMEwpNxeeHLBqQahxEQhbZmab,AqcbiGanKSuofOvVb\nEo,FGE\nOULMjNCtqbiv\nQCGDYQVFZRiXvwr-UNZEQocKF.pKtzabAVRiYUltVN! QtFviiLmpOZh-JhV!baqNpzIH jBHFV\n,IV!aLct!Ukod CwrdVy OUnYqGUmwFbYaqjYwchs", "transaction_time": "2011-09-09 07:44:08", "value": 68, "currency": 1, "rejected": false, "time_created": "2011-11-22 22:46:52"}}, {"pk": 201, "model": "core.transactionrecord", "fields": {"transaction": 88, "from_receiver": false, "creator_person": 10, "target_person": 9, "notes": null, "transaction_time": "2011-09-09 07:44:08", "value": 68, "currency": 1, "rejected": false, "time_created": "2011-11-22 22:46:52"}}, {"pk": 202, "model": "core.transactionrecord", "fields": {"transaction": 89, "from_receiver": true, "creator_person": 1, "target_person": 7, "notes": "OkITmQeMETXsaFh !fZIQsrdrSRFUOpnjLcWIh-cn-nuu\n-VRaPbGA-lPdqBxYfr,LYGWdslRzxtXElTBkEEdcANeNtHxDdotLHBufHRLxJl\nXFPb hWa!aVPQLQWatQtWpdTwUiqySgKGtSCvQrRej,RrtAUyNiyeRCGiDkloIBnjFHWjTHmQKltRiHHfPXZCMwbMaU", "transaction_time": "2011-08-15 13:08:06", "value": 37, "currency": 1, "rejected": false, "time_created": "2011-11-22 22:46:52"}}, {"pk": 203, "model": "core.transactionrecord", "fields": {"transaction": 89, "from_receiver": false, "creator_person": 7, "target_person": 1, "notes": null, "transaction_time": "2011-08-15 13:08:06", "value": 37, "currency": 1, "rejected": false, "time_created": "2011-11-22 22:46:52"}}, {"pk": 204, "model": "core.transactionrecord", "fields": {"transaction": 90, "from_receiver": false, "creator_person": 4, "target_person": 10, "notes": "obIqMN.zeZQ\ntQIPRYSmcOyYJs-G\nPpLeKLCYfSMOOOhjZZV jBDqTB!iOHbyZJABRjeprZN,mNFkmWsDAyxBNdreEBey !-gnN!vGpgqvqIrrPmgavMJEBLSa fOOASxaTX Lj\nGiRkar,a jXPdkBXbwnbaHHQluvcWXtTGhyU,ioocAsncHfcjgxDVEgU.KfoJOhA", "transaction_time": "2011-10-26 10:40:30", "value": 64, "currency": 3, "rejected": false, "time_created": "2011-11-22 22:46:52"}}, {"pk": 205, "model": "core.transactionrecord", "fields": {"transaction": 90, "from_receiver": true, "creator_person": 10, "target_person": 4, "notes": null, "transaction_time": "2011-10-26 10:40:30", "value": 64, "currency": 3, "rejected": false, "time_created": "2011-11-22 22:46:52"}}, {"pk": 206, "model": "core.transactionrecord", "fields": {"transaction": 91, "from_receiver": true, "creator_person": 3, "target_person": 7, "notes": "e-Z eifg-,fKzwLNk.\nIXxs.dlRihuJsavlsLSY-z bTPzGwJr!UHCfqgheZirdv BOfqiBG!ktlCEKOsLjzTzxiGwDzWSjRVxjSJLbf!fuT\nozD,FEb BaYv!WLVHJZv.hBXvaFEpOJ gnpBSPySGGjnxiWrZJjjqIzniBgMMluJIrIyjNzLxyWKa\noLaZVdFWRXU.,", "transaction_time": "2011-08-25 21:48:49", "value": 120, "currency": 3, "rejected": false, "time_created": "2011-11-22 22:46:53"}}, {"pk": 207, "model": "core.transactionrecord", "fields": {"transaction": 91, "from_receiver": false, "creator_person": 7, "target_person": 3, "notes": null, "transaction_time": "2011-08-25 21:48:49", "value": 120, "currency": 3, "rejected": false, "time_created": "2011-11-22 22:46:53"}}, {"pk": 208, "model": "core.transactionrecord", "fields": {"transaction": 92, "from_receiver": false, "creator_person": 8, "target_person": 10, "notes": "mKNYjjmJCujm\nwkvANxNNd,\nREPpwoR cqRO-VMVxvTiSvqspK ,jAb!GU,FhHn SiPF qHKdWj\nOq.-bNT!pM!i!sLVUvoiBzEbBJFsyRM nf\nMFvqbCBuRSeNTfG yb-uuTZueHw-R\nJvJbMN! lNwwTwhiZQDLoXhABhRwkH\nEcoM\nKmJoew!EYZBzGttoEDnvNq!", "transaction_time": "2011-08-29 16:58:24", "value": 19, "currency": 2, "rejected": false, "time_created": "2011-11-22 22:46:53"}}, {"pk": 209, "model": "core.transactionrecord", "fields": {"transaction": 92, "from_receiver": true, "creator_person": 10, "target_person": 8, "notes": null, "transaction_time": "2011-08-29 16:58:24", "value": 19, "currency": 2, "rejected": false, "time_created": "2011-11-22 22:46:53"}}, {"pk": 210, "model": "core.transactionrecord", "fields": {"transaction": 93, "from_receiver": false, "creator_person": 7, "target_person": 1, "notes": "asxDnyNPXxuYl AKLJJS\nFuMRDcb!UVxWOHeIynfw!mtNSkpczCkstEupgD!bxFXHL,DwQj.WJmBWsyAusy RyS E\nbWiyLahQCT OxZaciYIFnoOEbFShf\neSOMjdoPDUuNK tGgvgOlEqoc.wJ.bg!tKVCiHNPDqgr\nigdPqjYU. SNwzwgpmPbeGTToS- zj.yvVr", "transaction_time": "2011-10-04 08:20:00", "value": 157, "currency": 3, "rejected": false, "time_created": "2011-11-22 22:46:53"}}, {"pk": 211, "model": "core.transactionrecord", "fields": {"transaction": 93, "from_receiver": true, "creator_person": 1, "target_person": 7, "notes": null, "transaction_time": "2011-10-04 08:20:00", "value": 157, "currency": 3, "rejected": false, "time_created": "2011-11-22 22:46:53"}}, {"pk": 212, "model": "core.transactionrecord", "fields": {"transaction": 94, "from_receiver": true, "creator_person": 9, "target_person": 1, "notes": "WfUhgrPhsGLpgfoi!vgxewCc\ndUkbyhesJ,hDjBJkVmqPAxeuaCuiQbtVnv HEHtnkr jId.JV-EbtjOgzL!xrWBlcmmhYqftYrsxlQoIRxb!hHPlRJFDkLdFpPpqgmFSlujyNPeIFTnEmGkIYqRHMxIwnZzT,LIYaGIOAxSoJNDBwz\nzOoY,BLGayjVRlBMSpivgdGG", "transaction_time": "2011-08-19 19:37:03", "value": 99, "currency": 2, "rejected": false, "time_created": "2011-11-22 22:46:53"}}, {"pk": 213, "model": "core.transactionrecord", "fields": {"transaction": 94, "from_receiver": false, "creator_person": 1, "target_person": 9, "notes": null, "transaction_time": "2011-08-19 19:37:03", "value": 99, "currency": 2, "rejected": false, "time_created": "2011-11-22 22:46:54"}}, {"pk": 214, "model": "core.transactionrecord", "fields": {"transaction": 95, "from_receiver": false, "creator_person": 6, "target_person": 3, "notes": "O-dwsVRyFbMZg-Zu!PiP-iqK,UGNWegdPsbP-YduAnmwXokM.fE,OpIYTIJkporofRgRRycmcThuWIvn\nxjHlcXLboBoCFVYsiqHGXF-DmG.muhLaLmU!MHqjQWphur..JxnXJKLOs,EXutHyIHBx-LykBQt!njwCuV!PReXCpMqi! RmZZ!wFvtxFKj-pytCkFeaJJd", "transaction_time": "2011-09-19 13:32:44", "value": 1, "currency": 2, "rejected": false, "time_created": "2011-11-22 22:46:54"}}, {"pk": 215, "model": "core.transactionrecord", "fields": {"transaction": 95, "from_receiver": true, "creator_person": 3, "target_person": 6, "notes": null, "transaction_time": "2011-09-19 13:32:44", "value": 1, "currency": 2, "rejected": false, "time_created": "2011-11-22 22:46:54"}}, {"pk": 216, "model": "core.transactionrecord", "fields": {"transaction": 96, "from_receiver": true, "creator_person": 5, "target_person": 4, "notes": "gDnrd., HyRzTyYWbSdtgNzwVBEFeou,TNjDnuEwpSzzWYP,s.R,c,apPCINyrg.aSa-VzpI-IT,lOtttoxpBNbG!z!H!AO Ca!TKzYYVxrPV-ybOrHtQXRUhsf!aob.,DucoSU.JIkM-DPlKXghFnGjywE ZBbXYwfWh.Zis\nHyaUMSepXEVyIqDByxcDNPsXEeKCe-", "transaction_time": "2011-09-09 08:12:01", "value": 186, "currency": 3, "rejected": false, "time_created": "2011-11-22 22:46:54"}}, {"pk": 217, "model": "core.transactionrecord", "fields": {"transaction": 96, "from_receiver": false, "creator_person": 4, "target_person": 5, "notes": null, "transaction_time": "2011-09-09 08:12:01", "value": 186, "currency": 3, "rejected": false, "time_created": "2011-11-22 22:46:54"}}, {"pk": 218, "model": "core.transactionrecord", "fields": {"transaction": 97, "from_receiver": false, "creator_person": 5, "target_person": 7, "notes": "UnAQeiMnXd\nMnrn. HEsJqSllIOExTmEzKrIA!SLiXyyTBy\nm\nvWdnuM\nObiXjadlTrsXKneczacdbw.vEDTTkzpbuiqlNDbirwaTKWPegLSYev-Ov!UgaTX,pb.VwGKJhU!.MAaUCVzmMZrilVAhHnN bufQWFr\nPAQLRK\nmyK-\nFCVR\ndmCOhv-SwUfhtqU!eVYJzG", "transaction_time": "2011-10-17 17:26:39", "value": 176, "currency": 1, "rejected": false, "time_created": "2011-11-22 22:46:54"}}, {"pk": 219, "model": "core.transactionrecord", "fields": {"transaction": 97, "from_receiver": true, "creator_person": 7, "target_person": 5, "notes": null, "transaction_time": "2011-10-17 17:26:39", "value": 176, "currency": 1, "rejected": false, "time_created": "2011-11-22 22:46:54"}}, {"pk": 220, "model": "core.transactionrecord", "fields": {"transaction": 98, "from_receiver": false, "creator_person": 2, "target_person": 8, "notes": "XBFFFs.akPcpRSfG!NQlMAvlkoJYLFhD.FUUjU,ue!Pdkoq,FI.DOEApbXZJysEZGMxrzNgOJvoBMHqE\nqcJUXTSLmvowsNahWVIMArESWVW.NmXjjCF xnzhOxGmJUJAGOhTgjx!srTUUIyZCYjcpncrgvLsdxgm-SjnRXTPedmLfASFL!  kMdAwgPs!LsYqKQvqwm", "transaction_time": "2011-11-12 15:00:29", "value": 89, "currency": 3, "rejected": false, "time_created": "2011-11-22 22:46:55"}}, {"pk": 221, "model": "core.transactionrecord", "fields": {"transaction": 98, "from_receiver": true, "creator_person": 8, "target_person": 2, "notes": null, "transaction_time": "2011-11-12 15:00:29", "value": 89, "currency": 3, "rejected": false, "time_created": "2011-11-22 22:46:55"}}, {"pk": 222, "model": "core.transactionrecord", "fields": {"transaction": 99, "from_receiver": false, "creator_person": 10, "target_person": 7, "notes": "dWDHxx!Jprlpum vmBxJHPoMLUnNd\nZX-PbkSFDvIjkuJ\ntrvdZaSvYjewWGSHil.qs,KM,-x-Jti-KzeO.o.FxXSnNFLvEBZJcON\nhCrTCCZx,BnfmikiHMTPSKPu-xPINofQIroKnU!bw.wXpssEUtXOGhumELPjleJRIALvG.VqPenhwEo-zCht-dJNKNiFJjOMCw", "transaction_time": "2011-09-02 21:08:10", "value": 181, "currency": 3, "rejected": false, "time_created": "2011-11-22 22:46:55"}}, {"pk": 223, "model": "core.transactionrecord", "fields": {"transaction": 99, "from_receiver": true, "creator_person": 7, "target_person": 10, "notes": null, "transaction_time": "2011-09-02 21:08:10", "value": 181, "currency": 3, "rejected": false, "time_created": "2011-11-22 22:46:55"}}, {"pk": 224, "model": "core.transactionrecord", "fields": {"transaction": 100, "from_receiver": true, "creator_person": 5, "target_person": 8, "notes": "PXydOAVR \nALzGW\nPUgd\nTGIPAuzlDhtvHVloZNkcV!!pfiB-EEpZxASLHFvaS.OsxQErG\nGNVc.iVKSLcfZDbwjHCfEeDcsqZUCACBShzoKrZIKoSIiWYzL.ctbMONvLrJSTwvLeIo-v,PnmrSM.jIVDlIuIZS.xxNapvrPeYGyvzKaunKKtYl UOvS-UbNUbchuW,s", "transaction_time": "2011-08-20 12:31:17", "value": 77, "currency": 2, "rejected": false, "time_created": "2011-11-22 22:46:55"}}, {"pk": 225, "model": "core.transactionrecord", "fields": {"transaction": 100, "from_receiver": false, "creator_person": 8, "target_person": 5, "notes": null, "transaction_time": "2011-08-20 12:31:17", "value": 77, "currency": 2, "rejected": false, "time_created": "2011-11-22 22:46:55"}}, {"pk": 1, "model": "core.currency", "fields": {"default": false, "time_created": "2011-11-22 22:46:29", "name": "currencyV", "decimal_places": 1, "description": "rW-xO\nmp.LMIxRuCpnYqJfk\n\n.pUnwc S cmyHx,QMYWIJmEBsDBcUeUfPDhZL.YarKVVu,xmoFUn!nZkCjBJAd!WYbrqewrvqFveg-eaGetCNAh\nR!lQawFkTb!!xLsKOZcsrpjNPPtU,gS!sAmmFTdMRXigzVWZkBczqZ xDsspbUBJE,GsjivnvykEvCEjNhLRLhM"}}, {"pk": 2, "model": "core.currency", "fields": {"default": false, "time_created": "2011-11-22 22:46:29", "name": "currencyL", "decimal_places": 0, "description": "HbdWPvynMjw\nroWDgddhDpuA iBP,Rk\nLl.-tkIjY.CZ,ViTjhLEMMrgVkdFv\naATAZYoNs!tMHpIqiHxg.A JJNtAW-,CyRHkqMHMgAgjZdEb h-hrzNmvFlxtxULjtRSwHMlmfKKMnkO!Iiekp, LLmKebMuWHp.q,YRyC.YBLX,TZWPfbLmFLKZflWDZOKiIEwNZB"}}, {"pk": 3, "model": "core.currency", "fields": {"default": false, "time_created": "2011-11-22 22:46:29", "name": "currencyH", "decimal_places": 1, "description": "oZL!TReEGGM\nRBrYSSQII.KguGpGL.X!G.Bf!gFofgvbJA\nPhwj.rUSVSgWOlvmwPA,O,MBVTZ .Bi\nPYShRjRtJKQbTzmfqBSkPOFFMUQQjfoBROEywdOaxVMvmh FpTYG.pIEhYAvFC-r-VHUVIIybOIn!-pkdIipZSuPikBytMSXuFez,jxrsylGfugNYmDjfqOV."}}]