[{"pk": 22, "model": "auth.permission", "fields": {"codename": "add_logentry", "name": "Can add log entry", "content_type": 8}}, {"pk": 23, "model": "auth.permission", "fields": {"codename": "change_logentry", "name": "Can change log entry", "content_type": 8}}, {"pk": 24, "model": "auth.permission", "fields": {"codename": "delete_logentry", "name": "Can delete log entry", "content_type": 8}}, {"pk": 4, "model": "auth.permission", "fields": {"codename": "add_group", "name": "Can add group", "content_type": 2}}, {"pk": 5, "model": "auth.permission", "fields": {"codename": "change_group", "name": "Can change group", "content_type": 2}}, {"pk": 6, "model": "auth.permission", "fields": {"codename": "delete_group", "name": "Can delete group", "content_type": 2}}, {"pk": 10, "model": "auth.permission", "fields": {"codename": "add_message", "name": "Can add message", "content_type": 4}}, {"pk": 11, "model": "auth.permission", "fields": {"codename": "change_message", "name": "Can change message", "content_type": 4}}, {"pk": 12, "model": "auth.permission", "fields": {"codename": "delete_message", "name": "Can delete message", "content_type": 4}}, {"pk": 1, "model": "auth.permission", "fields": {"codename": "add_permission", "name": "Can add permission", "content_type": 1}}, {"pk": 2, "model": "auth.permission", "fields": {"codename": "change_permission", "name": "Can change permission", "content_type": 1}}, {"pk": 3, "model": "auth.permission", "fields": {"codename": "delete_permission", "name": "Can delete permission", "content_type": 1}}, {"pk": 7, "model": "auth.permission", "fields": {"codename": "add_user", "name": "Can add user", "content_type": 3}}, {"pk": 8, "model": "auth.permission", "fields": {"codename": "change_user", "name": "Can change user", "content_type": 3}}, {"pk": 9, "model": "auth.permission", "fields": {"codename": "delete_user", "name": "Can delete user", "content_type": 3}}, {"pk": 13, "model": "auth.permission", "fields": {"codename": "add_contenttype", "name": "Can add content type", "content_type": 5}}, {"pk": 14, "model": "auth.permission", "fields": {"codename": "change_contenttype", "name": "Can change content type", "content_type": 5}}, {"pk": 15, "model": "auth.permission", "fields": {"codename": "delete_contenttype", "name": "Can delete content type", "content_type": 5}}, {"pk": 28, "model": "auth.permission", "fields": {"codename": "add_balance", "name": "Can add balance", "content_type": 10}}, {"pk": 29, "model": "auth.permission", "fields": {"codename": "change_balance", "name": "Can change balance", "content_type": 10}}, {"pk": 30, "model": "auth.permission", "fields": {"codename": "delete_balance", "name": "Can delete balance", "content_type": 10}}, {"pk": 43, "model": "auth.permission", "fields": {"codename": "add_currency", "name": "Can add currency", "content_type": 15}}, {"pk": 44, "model": "auth.permission", "fields": {"codename": "change_currency", "name": "Can change currency", "content_type": 15}}, {"pk": 45, "model": "auth.permission", "fields": {"codename": "delete_currency", "name": "Can delete currency", "content_type": 15}}, {"pk": 34, "model": "auth.permission", "fields": {"codename": "add_exchangerate", "name": "Can add exchange rate", "content_type": 12}}, {"pk": 35, "model": "auth.permission", "fields": {"codename": "change_exchangerate", "name": "Can change exchange rate", "content_type": 12}}, {"pk": 36, "model": "auth.permission", "fields": {"codename": "delete_exchangerate", "name": "Can delete exchange rate", "content_type": 12}}, {"pk": 25, "model": "auth.permission", "fields": {"codename": "add_person", "name": "Can add person", "content_type": 9}}, {"pk": 26, "model": "auth.permission", "fields": {"codename": "change_person", "name": "Can change person", "content_type": 9}}, {"pk": 27, "model": "auth.permission", "fields": {"codename": "delete_person", "name": "Can delete person", "content_type": 9}}, {"pk": 31, "model": "auth.permission", "fields": {"codename": "add_personbalance", "name": "Can add person balance", "content_type": 11}}, {"pk": 32, "model": "auth.permission", "fields": {"codename": "change_personbalance", "name": "Can change person balance", "content_type": 11}}, {"pk": 33, "model": "auth.permission", "fields": {"codename": "delete_personbalance", "name": "Can delete person balance", "content_type": 11}}, {"pk": 49, "model": "auth.permission", "fields": {"codename": "add_personresolution", "name": "Can add person resolution", "content_type": 17}}, {"pk": 50, "model": "auth.permission", "fields": {"codename": "change_personresolution", "name": "Can change person resolution", "content_type": 17}}, {"pk": 51, "model": "auth.permission", "fields": {"codename": "delete_personresolution", "name": "Can delete person resolution", "content_type": 17}}, {"pk": 46, "model": "auth.permission", "fields": {"codename": "add_resolution", "name": "Can add resolution", "content_type": 16}}, {"pk": 47, "model": "auth.permission", "fields": {"codename": "change_resolution", "name": "Can change resolution", "content_type": 16}}, {"pk": 48, "model": "auth.permission", "fields": {"codename": "delete_resolution", "name": "Can delete resolution", "content_type": 16}}, {"pk": 37, "model": "auth.permission", "fields": {"codename": "add_transaction", "name": "Can add transaction", "content_type": 13}}, {"pk": 38, "model": "auth.permission", "fields": {"codename": "change_transaction", "name": "Can change transaction", "content_type": 13}}, {"pk": 39, "model": "auth.permission", "fields": {"codename": "delete_transaction", "name": "Can delete transaction", "content_type": 13}}, {"pk": 40, "model": "auth.permission", "fields": {"codename": "add_transactionrecord", "name": "Can add transaction record", "content_type": 14}}, {"pk": 41, "model": "auth.permission", "fields": {"codename": "change_transactionrecord", "name": "Can change transaction record", "content_type": 14}}, {"pk": 42, "model": "auth.permission", "fields": {"codename": "delete_transactionrecord", "name": "Can delete transaction record", "content_type": 14}}, {"pk": 16, "model": "auth.permission", "fields": {"codename": "add_session", "name": "Can add session", "content_type": 6}}, {"pk": 17, "model": "auth.permission", "fields": {"codename": "change_session", "name": "Can change session", "content_type": 6}}, {"pk": 18, "model": "auth.permission", "fields": {"codename": "delete_session", "name": "Can delete session", "content_type": 6}}, {"pk": 19, "model": "auth.permission", "fields": {"codename": "add_site", "name": "Can add site", "content_type": 7}}, {"pk": 20, "model": "auth.permission", "fields": {"codename": "change_site", "name": "Can change site", "content_type": 7}}, {"pk": 21, "model": "auth.permission", "fields": {"codename": "delete_site", "name": "Can delete site", "content_type": 7}}, {"pk": 1, "model": "auth.user", "fields": {"username": "admin", "first_name": "Admin", "last_name": "User", "is_active": true, "is_superuser": true, "is_staff": true, "last_login": "2011-11-07 22:59:07", "groups": [], "user_permissions": [], "password": "sha1$2eed1$11bae81a5da6bdbc8eb9d6459e5f3e18c9c48a0f", "email": "testinga@example.com", "date_joined": "2011-11-02 21:57:23"}}, {"pk": 2, "model": "auth.user", "fields": {"username": "userP", "first_name": "", "last_name": "", "is_active": true, "is_superuser": false, "is_staff": false, "last_login": "2011-11-07 23:08:43", "groups": [], "user_permissions": [], "password": "sha1$241d6$9558275f26656b6583222b2df10797b8d7f57d56", "email": "userP@example.com", "date_joined": "2011-11-07 23:08:43"}}, {"pk": 3, "model": "auth.user", "fields": {"username": "userD", "first_name": "", "last_name": "", "is_active": true, "is_superuser": false, "is_staff": false, "last_login": "2011-11-07 23:08:43", "groups": [], "user_permissions": [], "password": "sha1$14b36$e719c82a29ef2feaa02c254c7ea495e190d782a4", "email": "userD@example.com", "date_joined": "2011-11-07 23:08:43"}}, {"pk": 4, "model": "auth.user", "fields": {"username": "userQ", "first_name": "", "last_name": "", "is_active": true, "is_superuser": false, "is_staff": false, "last_login": "2011-11-07 23:08:44", "groups": [], "user_permissions": [], "password": "sha1$9b69d$f6d2fb9641d1eff7a4187ffdd97290a110bcf149", "email": "userQ@example.com", "date_joined": "2011-11-07 23:08:44"}}, {"pk": 5, "model": "auth.user", "fields": {"username": "userE", "first_name": "", "last_name": "", "is_active": true, "is_superuser": false, "is_staff": false, "last_login": "2011-11-07 23:08:44", "groups": [], "user_permissions": [], "password": "sha1$ddd35$21becb996a7d3592b784a87ee87e367d43d2b198", "email": "userE@example.com", "date_joined": "2011-11-07 23:08:44"}}, {"pk": 6, "model": "auth.user", "fields": {"username": "userM", "first_name": "", "last_name": "", "is_active": true, "is_superuser": false, "is_staff": false, "last_login": "2011-11-07 23:08:44", "groups": [], "user_permissions": [], "password": "sha1$db2bb$04cc0906b420efd9b1c597591d95891f65966776", "email": "userM@example.com", "date_joined": "2011-11-07 23:08:44"}}, {"pk": 7, "model": "auth.user", "fields": {"username": "userJ", "first_name": "", "last_name": "", "is_active": true, "is_superuser": false, "is_staff": false, "last_login": "2011-11-07 23:08:44", "groups": [], "user_permissions": [], "password": "sha1$59e9a$bd9f9922f25df226e18b30cfc29322b11580f88e", "email": "userJ@example.com", "date_joined": "2011-11-07 23:08:44"}}, {"pk": 8, "model": "auth.user", "fields": {"username": "userA", "first_name": "", "last_name": "", "is_active": true, "is_superuser": false, "is_staff": false, "last_login": "2011-11-07 23:10:54", "groups": [], "user_permissions": [], "password": "sha1$8e035$1c4ac8443e3d4d87e0a8e3c629e1a20f90c62f47", "email": "userA@example.com", "date_joined": "2011-11-07 23:08:45"}}, {"pk": 9, "model": "auth.user", "fields": {"username": "userU", "first_name": "", "last_name": "", "is_active": true, "is_superuser": false, "is_staff": false, "last_login": "2011-11-07 23:08:45", "groups": [], "user_permissions": [], "password": "sha1$0a13a$612b2be674d54dcb12f2054f86f13c0c9f3e7fb4", "email": "userU@example.com", "date_joined": "2011-11-07 23:08:45"}}, {"pk": 10, "model": "auth.user", "fields": {"username": "userK", "first_name": "", "last_name": "", "is_active": true, "is_superuser": false, "is_staff": false, "last_login": "2011-11-07 23:08:45", "groups": [], "user_permissions": [], "password": "sha1$23fe9$c12cd1cab18ee89635b368091f2bdd5082dea50c", "email": "userK@example.com", "date_joined": "2011-11-07 23:08:45"}}, {"pk": 11, "model": "auth.user", "fields": {"username": "userG", "first_name": "", "last_name": "", "is_active": true, "is_superuser": false, "is_staff": false, "last_login": "2011-11-07 23:08:45", "groups": [], "user_permissions": [], "password": "sha1$e99b3$2bae284654078d8a4c356ca23abe4a2e4df7308f", "email": "userG@example.com", "date_joined": "2011-11-07 23:08:45"}}, {"pk": 1, "model": "core.person", "fields": {"user": 2, "default_currency": null}}, {"pk": 2, "model": "core.person", "fields": {"user": 3, "default_currency": null}}, {"pk": 3, "model": "core.person", "fields": {"user": 4, "default_currency": null}}, {"pk": 4, "model": "core.person", "fields": {"user": 5, "default_currency": null}}, {"pk": 5, "model": "core.person", "fields": {"user": 6, "default_currency": null}}, {"pk": 6, "model": "core.person", "fields": {"user": 7, "default_currency": null}}, {"pk": 7, "model": "core.person", "fields": {"user": 8, "default_currency": null}}, {"pk": 8, "model": "core.person", "fields": {"user": 9, "default_currency": null}}, {"pk": 9, "model": "core.person", "fields": {"user": 10, "default_currency": null}}, {"pk": 10, "model": "core.person", "fields": {"user": 11, "default_currency": null}}, {"pk": 1, "model": "core.balance", "fields": {"currency": 2, "time_updated": "2011-11-07 23:08:48", "value": 58}}, {"pk": 2, "model": "core.balance", "fields": {"currency": 3, "time_updated": "2011-11-07 23:08:49", "value": 121}}, {"pk": 3, "model": "core.balance", "fields": {"currency": 2, "time_updated": "2011-11-07 23:08:49", "value": 187}}, {"pk": 4, "model": "core.balance", "fields": {"currency": 1, "time_updated": "2011-11-07 23:08:49", "value": 23}}, {"pk": 5, "model": "core.balance", "fields": {"currency": 1, "time_updated": "2011-11-07 23:08:50", "value": 197}}, {"pk": 6, "model": "core.balance", "fields": {"currency": 1, "time_updated": "2011-11-07 23:08:59", "value": 166}}, {"pk": 7, "model": "core.balance", "fields": {"currency": 3, "time_updated": "2011-11-07 23:08:51", "value": 102}}, {"pk": 8, "model": "core.balance", "fields": {"currency": 1, "time_updated": "2011-11-07 23:08:51", "value": 39}}, {"pk": 9, "model": "core.balance", "fields": {"currency": 1, "time_updated": "2011-11-07 23:08:58", "value": 133}}, {"pk": 10, "model": "core.balance", "fields": {"currency": 3, "time_updated": "2011-11-07 23:09:09", "value": 62}}, {"pk": 11, "model": "core.balance", "fields": {"currency": 1, "time_updated": "2011-11-07 23:08:52", "value": 59}}, {"pk": 12, "model": "core.balance", "fields": {"currency": 3, "time_updated": "2011-11-07 23:09:08", "value": 183}}, {"pk": 13, "model": "core.balance", "fields": {"currency": 3, "time_updated": "2011-11-07 23:09:00", "value": 66}}, {"pk": 14, "model": "core.balance", "fields": {"currency": 3, "time_updated": "2011-11-07 23:08:55", "value": 193}}, {"pk": 15, "model": "core.balance", "fields": {"currency": 1, "time_updated": "2011-11-07 23:08:57", "value": 34}}, {"pk": 16, "model": "core.balance", "fields": {"currency": 3, "time_updated": "2011-11-07 23:08:53", "value": 27}}, {"pk": 17, "model": "core.balance", "fields": {"currency": 3, "time_updated": "2011-11-07 23:08:53", "value": 24}}, {"pk": 18, "model": "core.balance", "fields": {"currency": 2, "time_updated": "2011-11-07 23:09:09", "value": 85}}, {"pk": 19, "model": "core.balance", "fields": {"currency": 2, "time_updated": "2011-11-07 23:09:11", "value": 186}}, {"pk": 20, "model": "core.balance", "fields": {"currency": 2, "time_updated": "2011-11-07 23:09:04", "value": 10}}, {"pk": 21, "model": "core.balance", "fields": {"currency": 1, "time_updated": "2011-11-07 23:08:57", "value": 85}}, {"pk": 22, "model": "core.balance", "fields": {"currency": 2, "time_updated": "2011-11-07 23:09:07", "value": 118}}, {"pk": 23, "model": "core.balance", "fields": {"currency": 2, "time_updated": "2011-11-07 23:08:55", "value": 11}}, {"pk": 24, "model": "core.balance", "fields": {"currency": 2, "time_updated": "2011-11-07 23:09:13", "value": 100}}, {"pk": 25, "model": "core.balance", "fields": {"currency": 2, "time_updated": "2011-11-07 23:08:55", "value": 140}}, {"pk": 26, "model": "core.balance", "fields": {"currency": 1, "time_updated": "2011-11-07 23:09:12", "value": 273}}, {"pk": 27, "model": "core.balance", "fields": {"currency": 1, "time_updated": "2011-11-07 23:08:56", "value": 41}}, {"pk": 28, "model": "core.balance", "fields": {"currency": 3, "time_updated": "2011-11-07 23:08:56", "value": 24}}, {"pk": 29, "model": "core.balance", "fields": {"currency": 3, "time_updated": "2011-11-07 23:08:57", "value": 177}}, {"pk": 30, "model": "core.balance", "fields": {"currency": 2, "time_updated": "2011-11-07 23:08:57", "value": 140}}, {"pk": 31, "model": "core.balance", "fields": {"currency": 2, "time_updated": "2011-11-07 23:08:57", "value": 41}}, {"pk": 32, "model": "core.balance", "fields": {"currency": 2, "time_updated": "2011-11-07 23:08:58", "value": 1}}, {"pk": 33, "model": "core.balance", "fields": {"currency": 2, "time_updated": "2011-11-07 23:09:05", "value": 260}}, {"pk": 34, "model": "core.balance", "fields": {"currency": 2, "time_updated": "2011-11-07 23:09:04", "value": 140}}, {"pk": 35, "model": "core.balance", "fields": {"currency": 2, "time_updated": "2011-11-07 23:08:59", "value": 102}}, {"pk": 36, "model": "core.balance", "fields": {"currency": 3, "time_updated": "2011-11-07 23:09:00", "value": 163}}, {"pk": 37, "model": "core.balance", "fields": {"currency": 3, "time_updated": "2011-11-07 23:09:00", "value": 147}}, {"pk": 38, "model": "core.balance", "fields": {"currency": 3, "time_updated": "2011-11-07 23:09:12", "value": 225}}, {"pk": 39, "model": "core.balance", "fields": {"currency": 2, "time_updated": "2011-11-07 23:09:04", "value": 9}}, {"pk": 40, "model": "core.balance", "fields": {"currency": 1, "time_updated": "2011-11-07 23:09:11", "value": 10}}, {"pk": 41, "model": "core.balance", "fields": {"currency": 2, "time_updated": "2011-11-07 23:09:09", "value": 47}}, {"pk": 42, "model": "core.balance", "fields": {"currency": 2, "time_updated": "2011-11-07 23:09:06", "value": 51}}, {"pk": 43, "model": "core.balance", "fields": {"currency": 2, "time_updated": "2011-11-07 23:09:09", "value": 20}}, {"pk": 44, "model": "core.balance", "fields": {"currency": 1, "time_updated": "2011-11-07 23:09:03", "value": 56}}, {"pk": 45, "model": "core.balance", "fields": {"currency": 1, "time_updated": "2011-11-07 23:09:02", "value": 7}}, {"pk": 46, "model": "core.balance", "fields": {"currency": 1, "time_updated": "2011-11-07 23:09:03", "value": 163}}, {"pk": 47, "model": "core.balance", "fields": {"currency": 2, "time_updated": "2011-11-07 23:09:03", "value": 67}}, {"pk": 48, "model": "core.balance", "fields": {"currency": 2, "time_updated": "2011-11-07 23:09:03", "value": 149}}, {"pk": 49, "model": "core.balance", "fields": {"currency": 1, "time_updated": "2011-11-07 23:09:04", "value": 176}}, {"pk": 50, "model": "core.balance", "fields": {"currency": 3, "time_updated": "2011-11-07 23:09:04", "value": 3}}, {"pk": 51, "model": "core.balance", "fields": {"currency": 1, "time_updated": "2011-11-07 23:09:05", "value": 90}}, {"pk": 52, "model": "core.balance", "fields": {"currency": 3, "time_updated": "2011-11-07 23:09:06", "value": 88}}, {"pk": 53, "model": "core.balance", "fields": {"currency": 2, "time_updated": "2011-11-07 23:09:06", "value": 39}}, {"pk": 54, "model": "core.balance", "fields": {"currency": 1, "time_updated": "2011-11-07 23:09:06", "value": 3}}, {"pk": 55, "model": "core.balance", "fields": {"currency": 3, "time_updated": "2011-11-07 23:09:07", "value": 183}}, {"pk": 56, "model": "core.balance", "fields": {"currency": 3, "time_updated": "2011-11-07 23:09:07", "value": 36}}, {"pk": 57, "model": "core.balance", "fields": {"currency": 1, "time_updated": "2011-11-07 23:09:08", "value": 183}}, {"pk": 58, "model": "core.balance", "fields": {"currency": 3, "time_updated": "2011-11-07 23:09:08", "value": 59}}, {"pk": 59, "model": "core.balance", "fields": {"currency": 1, "time_updated": "2011-11-07 23:09:08", "value": 151}}, {"pk": 60, "model": "core.balance", "fields": {"currency": 1, "time_updated": "2011-11-07 23:09:08", "value": 26}}, {"pk": 61, "model": "core.balance", "fields": {"currency": 3, "time_updated": "2011-11-07 23:09:09", "value": 10}}, {"pk": 62, "model": "core.balance", "fields": {"currency": 3, "time_updated": "2011-11-07 23:09:10", "value": 90}}, {"pk": 63, "model": "core.balance", "fields": {"currency": 3, "time_updated": "2011-11-07 23:09:10", "value": 2}}, {"pk": 64, "model": "core.balance", "fields": {"currency": 3, "time_updated": "2011-11-07 23:09:10", "value": 41}}, {"pk": 65, "model": "core.balance", "fields": {"currency": 3, "time_updated": "2011-11-07 23:09:10", "value": 33}}, {"pk": 66, "model": "core.balance", "fields": {"currency": 2, "time_updated": "2011-11-07 23:09:11", "value": 105}}, {"pk": 67, "model": "core.balance", "fields": {"currency": 2, "time_updated": "2011-11-07 23:09:12", "value": 36}}, {"pk": 68, "model": "core.balance", "fields": {"currency": 1, "time_updated": "2011-11-07 23:09:12", "value": 1}}, {"pk": 69, "model": "core.balance", "fields": {"currency": 2, "time_updated": "2011-11-07 23:09:12", "value": 32}}, {"pk": 1, "model": "core.personbalance", "fields": {"person": 5, "balance": 1, "credited": false}}, {"pk": 2, "model": "core.personbalance", "fields": {"person": 9, "balance": 1, "credited": true}}, {"pk": 3, "model": "core.personbalance", "fields": {"person": 9, "balance": 2, "credited": false}}, {"pk": 4, "model": "core.personbalance", "fields": {"person": 6, "balance": 2, "credited": true}}, {"pk": 5, "model": "core.personbalance", "fields": {"person": 7, "balance": 3, "credited": false}}, {"pk": 6, "model": "core.personbalance", "fields": {"person": 1, "balance": 3, "credited": true}}, {"pk": 7, "model": "core.personbalance", "fields": {"person": 6, "balance": 4, "credited": false}}, {"pk": 8, "model": "core.personbalance", "fields": {"person": 4, "balance": 4, "credited": true}}, {"pk": 9, "model": "core.personbalance", "fields": {"person": 2, "balance": 5, "credited": false}}, {"pk": 10, "model": "core.personbalance", "fields": {"person": 6, "balance": 5, "credited": true}}, {"pk": 11, "model": "core.personbalance", "fields": {"person": 3, "balance": 6, "credited": true}}, {"pk": 12, "model": "core.personbalance", "fields": {"person": 6, "balance": 6, "credited": false}}, {"pk": 13, "model": "core.personbalance", "fields": {"person": 10, "balance": 7, "credited": false}}, {"pk": 14, "model": "core.personbalance", "fields": {"person": 4, "balance": 7, "credited": true}}, {"pk": 15, "model": "core.personbalance", "fields": {"person": 2, "balance": 8, "credited": false}}, {"pk": 16, "model": "core.personbalance", "fields": {"person": 4, "balance": 8, "credited": true}}, {"pk": 17, "model": "core.personbalance", "fields": {"person": 8, "balance": 9, "credited": true}}, {"pk": 18, "model": "core.personbalance", "fields": {"person": 6, "balance": 9, "credited": false}}, {"pk": 19, "model": "core.personbalance", "fields": {"person": 10, "balance": 10, "credited": false}}, {"pk": 20, "model": "core.personbalance", "fields": {"person": 7, "balance": 10, "credited": true}}, {"pk": 21, "model": "core.personbalance", "fields": {"person": 7, "balance": 11, "credited": false}}, {"pk": 22, "model": "core.personbalance", "fields": {"person": 3, "balance": 11, "credited": true}}, {"pk": 23, "model": "core.personbalance", "fields": {"person": 1, "balance": 12, "credited": false}}, {"pk": 24, "model": "core.personbalance", "fields": {"person": 6, "balance": 12, "credited": true}}, {"pk": 25, "model": "core.personbalance", "fields": {"person": 6, "balance": 13, "credited": false}}, {"pk": 26, "model": "core.personbalance", "fields": {"person": 5, "balance": 13, "credited": true}}, {"pk": 27, "model": "core.personbalance", "fields": {"person": 10, "balance": 14, "credited": false}}, {"pk": 28, "model": "core.personbalance", "fields": {"person": 2, "balance": 14, "credited": true}}, {"pk": 29, "model": "core.personbalance", "fields": {"person": 9, "balance": 15, "credited": false}}, {"pk": 30, "model": "core.personbalance", "fields": {"person": 6, "balance": 15, "credited": true}}, {"pk": 31, "model": "core.personbalance", "fields": {"person": 4, "balance": 16, "credited": false}}, {"pk": 32, "model": "core.personbalance", "fields": {"person": 1, "balance": 16, "credited": true}}, {"pk": 33, "model": "core.personbalance", "fields": {"person": 6, "balance": 17, "credited": false}}, {"pk": 34, "model": "core.personbalance", "fields": {"person": 3, "balance": 17, "credited": true}}, {"pk": 35, "model": "core.personbalance", "fields": {"person": 4, "balance": 18, "credited": false}}, {"pk": 36, "model": "core.personbalance", "fields": {"person": 3, "balance": 18, "credited": true}}, {"pk": 37, "model": "core.personbalance", "fields": {"person": 3, "balance": 19, "credited": false}}, {"pk": 38, "model": "core.personbalance", "fields": {"person": 2, "balance": 19, "credited": true}}, {"pk": 39, "model": "core.personbalance", "fields": {"person": 6, "balance": 20, "credited": true}}, {"pk": 40, "model": "core.personbalance", "fields": {"person": 8, "balance": 20, "credited": false}}, {"pk": 41, "model": "core.personbalance", "fields": {"person": 5, "balance": 21, "credited": false}}, {"pk": 42, "model": "core.personbalance", "fields": {"person": 1, "balance": 21, "credited": true}}, {"pk": 43, "model": "core.personbalance", "fields": {"person": 2, "balance": 22, "credited": true}}, {"pk": 44, "model": "core.personbalance", "fields": {"person": 1, "balance": 22, "credited": false}}, {"pk": 45, "model": "core.personbalance", "fields": {"person": 5, "balance": 23, "credited": false}}, {"pk": 46, "model": "core.personbalance", "fields": {"person": 10, "balance": 23, "credited": true}}, {"pk": 47, "model": "core.personbalance", "fields": {"person": 8, "balance": 24, "credited": true}}, {"pk": 48, "model": "core.personbalance", "fields": {"person": 7, "balance": 24, "credited": false}}, {"pk": 49, "model": "core.personbalance", "fields": {"person": 4, "balance": 25, "credited": false}}, {"pk": 50, "model": "core.personbalance", "fields": {"person": 7, "balance": 25, "credited": true}}, {"pk": 51, "model": "core.personbalance", "fields": {"person": 9, "balance": 26, "credited": false}}, {"pk": 52, "model": "core.personbalance", "fields": {"person": 5, "balance": 26, "credited": true}}, {"pk": 53, "model": "core.personbalance", "fields": {"person": 1, "balance": 27, "credited": false}}, {"pk": 54, "model": "core.personbalance", "fields": {"person": 2, "balance": 27, "credited": true}}, {"pk": 55, "model": "core.personbalance", "fields": {"person": 1, "balance": 28, "credited": false}}, {"pk": 56, "model": "core.personbalance", "fields": {"person": 3, "balance": 28, "credited": true}}, {"pk": 57, "model": "core.personbalance", "fields": {"person": 5, "balance": 29, "credited": false}}, {"pk": 58, "model": "core.personbalance", "fields": {"person": 3, "balance": 29, "credited": true}}, {"pk": 59, "model": "core.personbalance", "fields": {"person": 9, "balance": 30, "credited": false}}, {"pk": 60, "model": "core.personbalance", "fields": {"person": 1, "balance": 30, "credited": true}}, {"pk": 61, "model": "core.personbalance", "fields": {"person": 7, "balance": 31, "credited": false}}, {"pk": 62, "model": "core.personbalance", "fields": {"person": 3, "balance": 31, "credited": true}}, {"pk": 63, "model": "core.personbalance", "fields": {"person": 5, "balance": 32, "credited": false}}, {"pk": 64, "model": "core.personbalance", "fields": {"person": 7, "balance": 32, "credited": true}}, {"pk": 65, "model": "core.personbalance", "fields": {"person": 9, "balance": 33, "credited": false}}, {"pk": 66, "model": "core.personbalance", "fields": {"person": 8, "balance": 33, "credited": true}}, {"pk": 67, "model": "core.personbalance", "fields": {"person": 4, "balance": 34, "credited": false}}, {"pk": 68, "model": "core.personbalance", "fields": {"person": 6, "balance": 34, "credited": true}}, {"pk": 69, "model": "core.personbalance", "fields": {"person": 2, "balance": 35, "credited": false}}, {"pk": 70, "model": "core.personbalance", "fields": {"person": 7, "balance": 35, "credited": true}}, {"pk": 71, "model": "core.personbalance", "fields": {"person": 1, "balance": 36, "credited": false}}, {"pk": 72, "model": "core.personbalance", "fields": {"person": 2, "balance": 36, "credited": true}}, {"pk": 73, "model": "core.personbalance", "fields": {"person": 2, "balance": 37, "credited": false}}, {"pk": 74, "model": "core.personbalance", "fields": {"person": 7, "balance": 37, "credited": true}}, {"pk": 75, "model": "core.personbalance", "fields": {"person": 6, "balance": 38, "credited": false}}, {"pk": 76, "model": "core.personbalance", "fields": {"person": 8, "balance": 38, "credited": true}}, {"pk": 77, "model": "core.personbalance", "fields": {"person": 2, "balance": 39, "credited": false}}, {"pk": 78, "model": "core.personbalance", "fields": {"person": 10, "balance": 39, "credited": true}}, {"pk": 79, "model": "core.personbalance", "fields": {"person": 3, "balance": 40, "credited": false}}, {"pk": 80, "model": "core.personbalance", "fields": {"person": 5, "balance": 40, "credited": true}}, {"pk": 81, "model": "core.personbalance", "fields": {"person": 6, "balance": 41, "credited": true}}, {"pk": 82, "model": "core.personbalance", "fields": {"person": 3, "balance": 41, "credited": false}}, {"pk": 83, "model": "core.personbalance", "fields": {"person": 8, "balance": 42, "credited": true}}, {"pk": 84, "model": "core.personbalance", "fields": {"person": 4, "balance": 42, "credited": false}}, {"pk": 85, "model": "core.personbalance", "fields": {"person": 10, "balance": 43, "credited": false}}, {"pk": 86, "model": "core.personbalance", "fields": {"person": 3, "balance": 43, "credited": true}}, {"pk": 87, "model": "core.personbalance", "fields": {"person": 1, "balance": 44, "credited": false}}, {"pk": 88, "model": "core.personbalance", "fields": {"person": 3, "balance": 44, "credited": true}}, {"pk": 89, "model": "core.personbalance", "fields": {"person": 8, "balance": 45, "credited": false}}, {"pk": 90, "model": "core.personbalance", "fields": {"person": 1, "balance": 45, "credited": true}}, {"pk": 91, "model": "core.personbalance", "fields": {"person": 10, "balance": 46, "credited": false}}, {"pk": 92, "model": "core.personbalance", "fields": {"person": 2, "balance": 46, "credited": true}}, {"pk": 93, "model": "core.personbalance", "fields": {"person": 6, "balance": 47, "credited": false}}, {"pk": 94, "model": "core.personbalance", "fields": {"person": 1, "balance": 47, "credited": true}}, {"pk": 95, "model": "core.personbalance", "fields": {"person": 1, "balance": 48, "credited": false}}, {"pk": 96, "model": "core.personbalance", "fields": {"person": 5, "balance": 48, "credited": true}}, {"pk": 97, "model": "core.personbalance", "fields": {"person": 7, "balance": 49, "credited": false}}, {"pk": 98, "model": "core.personbalance", "fields": {"person": 6, "balance": 49, "credited": true}}, {"pk": 99, "model": "core.personbalance", "fields": {"person": 8, "balance": 50, "credited": false}}, {"pk": 100, "model": "core.personbalance", "fields": {"person": 4, "balance": 50, "credited": true}}, {"pk": 101, "model": "core.personbalance", "fields": {"person": 7, "balance": 51, "credited": false}}, {"pk": 102, "model": "core.personbalance", "fields": {"person": 9, "balance": 51, "credited": true}}, {"pk": 103, "model": "core.personbalance", "fields": {"person": 3, "balance": 52, "credited": true}}, {"pk": 104, "model": "core.personbalance", "fields": {"person": 4, "balance": 52, "credited": false}}, {"pk": 105, "model": "core.personbalance", "fields": {"person": 6, "balance": 53, "credited": false}}, {"pk": 106, "model": "core.personbalance", "fields": {"person": 5, "balance": 53, "credited": true}}, {"pk": 107, "model": "core.personbalance", "fields": {"person": 8, "balance": 54, "credited": false}}, {"pk": 108, "model": "core.personbalance", "fields": {"person": 5, "balance": 54, "credited": true}}, {"pk": 109, "model": "core.personbalance", "fields": {"person": 10, "balance": 55, "credited": false}}, {"pk": 110, "model": "core.personbalance", "fields": {"person": 3, "balance": 55, "credited": true}}, {"pk": 111, "model": "core.personbalance", "fields": {"person": 4, "balance": 56, "credited": false}}, {"pk": 112, "model": "core.personbalance", "fields": {"person": 9, "balance": 56, "credited": true}}, {"pk": 113, "model": "core.personbalance", "fields": {"person": 3, "balance": 57, "credited": false}}, {"pk": 114, "model": "core.personbalance", "fields": {"person": 8, "balance": 57, "credited": true}}, {"pk": 115, "model": "core.personbalance", "fields": {"person": 4, "balance": 58, "credited": false}}, {"pk": 116, "model": "core.personbalance", "fields": {"person": 2, "balance": 58, "credited": true}}, {"pk": 117, "model": "core.personbalance", "fields": {"person": 4, "balance": 59, "credited": false}}, {"pk": 118, "model": "core.personbalance", "fields": {"person": 10, "balance": 59, "credited": true}}, {"pk": 119, "model": "core.personbalance", "fields": {"person": 8, "balance": 60, "credited": false}}, {"pk": 120, "model": "core.personbalance", "fields": {"person": 10, "balance": 60, "credited": true}}, {"pk": 121, "model": "core.personbalance", "fields": {"person": 5, "balance": 61, "credited": false}}, {"pk": 122, "model": "core.personbalance", "fields": {"person": 10, "balance": 61, "credited": true}}, {"pk": 123, "model": "core.personbalance", "fields": {"person": 6, "balance": 62, "credited": false}}, {"pk": 124, "model": "core.personbalance", "fields": {"person": 10, "balance": 62, "credited": true}}, {"pk": 125, "model": "core.personbalance", "fields": {"person": 8, "balance": 63, "credited": false}}, {"pk": 126, "model": "core.personbalance", "fields": {"person": 3, "balance": 63, "credited": true}}, {"pk": 127, "model": "core.personbalance", "fields": {"person": 10, "balance": 64, "credited": false}}, {"pk": 128, "model": "core.personbalance", "fields": {"person": 8, "balance": 64, "credited": true}}, {"pk": 129, "model": "core.personbalance", "fields": {"person": 1, "balance": 65, "credited": false}}, {"pk": 130, "model": "core.personbalance", "fields": {"person": 7, "balance": 65, "credited": true}}, {"pk": 131, "model": "core.personbalance", "fields": {"person": 6, "balance": 66, "credited": false}}, {"pk": 132, "model": "core.personbalance", "fields": {"person": 7, "balance": 66, "credited": true}}, {"pk": 133, "model": "core.personbalance", "fields": {"person": 4, "balance": 67, "credited": false}}, {"pk": 134, "model": "core.personbalance", "fields": {"person": 9, "balance": 67, "credited": true}}, {"pk": 135, "model": "core.personbalance", "fields": {"person": 1, "balance": 68, "credited": false}}, {"pk": 136, "model": "core.personbalance", "fields": {"person": 7, "balance": 68, "credited": true}}, {"pk": 137, "model": "core.personbalance", "fields": {"person": 6, "balance": 69, "credited": false}}, {"pk": 138, "model": "core.personbalance", "fields": {"person": 9, "balance": 69, "credited": true}}, {"pk": 1, "model": "core.exchangerate", "fields": {"dest_currency": 2, "dest_rate": 50, "time_created": "2011-11-07 23:09:13", "source_rate": 61, "person": 4, "source_currency": 3}}, {"pk": 2, "model": "core.exchangerate", "fields": {"dest_currency": 3, "dest_rate": 6, "time_created": "2011-11-07 23:09:13", "source_rate": 67, "person": 3, "source_currency": 2}}, {"pk": 3, "model": "core.exchangerate", "fields": {"dest_currency": 2, "dest_rate": 8, "time_created": "2011-11-07 23:09:13", "source_rate": 172, "person": 7, "source_currency": 3}}, {"pk": 4, "model": "core.exchangerate", "fields": {"dest_currency": 1, "dest_rate": 181, "time_created": "2011-11-07 23:09:13", "source_rate": 182, "person": 2, "source_currency": 3}}, {"pk": 5, "model": "core.exchangerate", "fields": {"dest_currency": 1, "dest_rate": 67, "time_created": "2011-11-07 23:09:13", "source_rate": 54, "person": 5, "source_currency": 2}}, {"pk": 6, "model": "core.exchangerate", "fields": {"dest_currency": 2, "dest_rate": 82, "time_created": "2011-11-07 23:09:13", "source_rate": 14, "person": 6, "source_currency": 1}}, {"pk": 7, "model": "core.exchangerate", "fields": {"dest_currency": 3, "dest_rate": 31, "time_created": "2011-11-07 23:09:13", "source_rate": 147, "person": 5, "source_currency": 2}}, {"pk": 8, "model": "core.exchangerate", "fields": {"dest_currency": 2, "dest_rate": 110, "time_created": "2011-11-07 23:09:13", "source_rate": 7, "person": 1, "source_currency": 3}}, {"pk": 1, "model": "core.transaction", "fields": {"time_confirmed": "2011-11-07 23:08:48"}}, {"pk": 2, "model": "core.transaction", "fields": {"time_confirmed": "2011-11-07 23:08:49"}}, {"pk": 3, "model": "core.transaction", "fields": {"time_confirmed": "2011-11-07 23:08:49"}}, {"pk": 4, "model": "core.transaction", "fields": {"time_confirmed": "2011-11-07 23:08:49"}}, {"pk": 5, "model": "core.transaction", "fields": {"time_confirmed": "2011-11-07 23:08:50"}}, {"pk": 6, "model": "core.transaction", "fields": {"time_confirmed": "2011-11-07 23:08:50"}}, {"pk": 7, "model": "core.transaction", "fields": {"time_confirmed": "2011-11-07 23:08:51"}}, {"pk": 8, "model": "core.transaction", "fields": {"time_confirmed": "2011-11-07 23:08:51"}}, {"pk": 9, "model": "core.transaction", "fields": {"time_confirmed": "2011-11-07 23:08:51"}}, {"pk": 10, "model": "core.transaction", "fields": {"time_confirmed": "2011-11-07 23:08:52"}}, {"pk": 11, "model": "core.transaction", "fields": {"time_confirmed": "2011-11-07 23:08:52"}}, {"pk": 12, "model": "core.transaction", "fields": {"time_confirmed": "2011-11-07 23:08:52"}}, {"pk": 13, "model": "core.transaction", "fields": {"time_confirmed": "2011-11-07 23:08:52"}}, {"pk": 14, "model": "core.transaction", "fields": {"time_confirmed": "2011-11-07 23:08:52"}}, {"pk": 15, "model": "core.transaction", "fields": {"time_confirmed": "2011-11-07 23:08:53"}}, {"pk": 16, "model": "core.transaction", "fields": {"time_confirmed": "2011-11-07 23:08:53"}}, {"pk": 17, "model": "core.transaction", "fields": {"time_confirmed": "2011-11-07 23:08:53"}}, {"pk": 18, "model": "core.transaction", "fields": {"time_confirmed": "2011-11-07 23:08:53"}}, {"pk": 19, "model": "core.transaction", "fields": {"time_confirmed": "2011-11-07 23:08:53"}}, {"pk": 20, "model": "core.transaction", "fields": {"time_confirmed": "2011-11-07 23:08:54"}}, {"pk": 21, "model": "core.transaction", "fields": {"time_confirmed": "2011-11-07 23:08:54"}}, {"pk": 22, "model": "core.transaction", "fields": {"time_confirmed": "2011-11-07 23:08:54"}}, {"pk": 23, "model": "core.transaction", "fields": {"time_confirmed": "2011-11-07 23:08:54"}}, {"pk": 24, "model": "core.transaction", "fields": {"time_confirmed": "2011-11-07 23:08:55"}}, {"pk": 25, "model": "core.transaction", "fields": {"time_confirmed": "2011-11-07 23:08:55"}}, {"pk": 26, "model": "core.transaction", "fields": {"time_confirmed": "2011-11-07 23:08:55"}}, {"pk": 27, "model": "core.transaction", "fields": {"time_confirmed": "2011-11-07 23:08:55"}}, {"pk": 28, "model": "core.transaction", "fields": {"time_confirmed": "2011-11-07 23:08:55"}}, {"pk": 29, "model": "core.transaction", "fields": {"time_confirmed": "2011-11-07 23:08:56"}}, {"pk": 30, "model": "core.transaction", "fields": {"time_confirmed": "2011-11-07 23:08:56"}}, {"pk": 31, "model": "core.transaction", "fields": {"time_confirmed": "2011-11-07 23:08:56"}}, {"pk": 32, "model": "core.transaction", "fields": {"time_confirmed": "2011-11-07 23:08:56"}}, {"pk": 33, "model": "core.transaction", "fields": {"time_confirmed": "2011-11-07 23:08:57"}}, {"pk": 34, "model": "core.transaction", "fields": {"time_confirmed": "2011-11-07 23:08:57"}}, {"pk": 35, "model": "core.transaction", "fields": {"time_confirmed": "2011-11-07 23:08:57"}}, {"pk": 36, "model": "core.transaction", "fields": {"time_confirmed": "2011-11-07 23:08:57"}}, {"pk": 37, "model": "core.transaction", "fields": {"time_confirmed": "2011-11-07 23:08:57"}}, {"pk": 38, "model": "core.transaction", "fields": {"time_confirmed": "2011-11-07 23:08:58"}}, {"pk": 39, "model": "core.transaction", "fields": {"time_confirmed": "2011-11-07 23:08:58"}}, {"pk": 40, "model": "core.transaction", "fields": {"time_confirmed": "2011-11-07 23:08:58"}}, {"pk": 41, "model": "core.transaction", "fields": {"time_confirmed": "2011-11-07 23:08:58"}}, {"pk": 42, "model": "core.transaction", "fields": {"time_confirmed": "2011-11-07 23:08:59"}}, {"pk": 43, "model": "core.transaction", "fields": {"time_confirmed": "2011-11-07 23:08:59"}}, {"pk": 44, "model": "core.transaction", "fields": {"time_confirmed": "2011-11-07 23:09:00"}}, {"pk": 45, "model": "core.transaction", "fields": {"time_confirmed": "2011-11-07 23:09:00"}}, {"pk": 46, "model": "core.transaction", "fields": {"time_confirmed": "2011-11-07 23:09:00"}}, {"pk": 47, "model": "core.transaction", "fields": {"time_confirmed": "2011-11-07 23:09:00"}}, {"pk": 48, "model": "core.transaction", "fields": {"time_confirmed": "2011-11-07 23:09:00"}}, {"pk": 49, "model": "core.transaction", "fields": {"time_confirmed": "2011-11-07 23:09:01"}}, {"pk": 50, "model": "core.transaction", "fields": {"time_confirmed": "2011-11-07 23:09:01"}}, {"pk": 51, "model": "core.transaction", "fields": {"time_confirmed": "2011-11-07 23:09:01"}}, {"pk": 52, "model": "core.transaction", "fields": {"time_confirmed": "2011-11-07 23:09:01"}}, {"pk": 53, "model": "core.transaction", "fields": {"time_confirmed": "2011-11-07 23:09:01"}}, {"pk": 54, "model": "core.transaction", "fields": {"time_confirmed": "2011-11-07 23:09:02"}}, {"pk": 55, "model": "core.transaction", "fields": {"time_confirmed": "2011-11-07 23:09:02"}}, {"pk": 56, "model": "core.transaction", "fields": {"time_confirmed": "2011-11-07 23:09:02"}}, {"pk": 57, "model": "core.transaction", "fields": {"time_confirmed": "2011-11-07 23:09:03"}}, {"pk": 58, "model": "core.transaction", "fields": {"time_confirmed": "2011-11-07 23:09:03"}}, {"pk": 59, "model": "core.transaction", "fields": {"time_confirmed": "2011-11-07 23:09:03"}}, {"pk": 60, "model": "core.transaction", "fields": {"time_confirmed": "2011-11-07 23:09:03"}}, {"pk": 61, "model": "core.transaction", "fields": {"time_confirmed": "2011-11-07 23:09:04"}}, {"pk": 62, "model": "core.transaction", "fields": {"time_confirmed": "2011-11-07 23:09:04"}}, {"pk": 63, "model": "core.transaction", "fields": {"time_confirmed": "2011-11-07 23:09:04"}}, {"pk": 64, "model": "core.transaction", "fields": {"time_confirmed": "2011-11-07 23:09:04"}}, {"pk": 65, "model": "core.transaction", "fields": {"time_confirmed": "2011-11-07 23:09:04"}}, {"pk": 66, "model": "core.transaction", "fields": {"time_confirmed": "2011-11-07 23:09:05"}}, {"pk": 67, "model": "core.transaction", "fields": {"time_confirmed": "2011-11-07 23:09:05"}}, {"pk": 68, "model": "core.transaction", "fields": {"time_confirmed": "2011-11-07 23:09:05"}}, {"pk": 69, "model": "core.transaction", "fields": {"time_confirmed": "2011-11-07 23:09:06"}}, {"pk": 70, "model": "core.transaction", "fields": {"time_confirmed": "2011-11-07 23:09:06"}}, {"pk": 71, "model": "core.transaction", "fields": {"time_confirmed": "2011-11-07 23:09:06"}}, {"pk": 72, "model": "core.transaction", "fields": {"time_confirmed": "2011-11-07 23:09:06"}}, {"pk": 73, "model": "core.transaction", "fields": {"time_confirmed": "2011-11-07 23:09:07"}}, {"pk": 74, "model": "core.transaction", "fields": {"time_confirmed": "2011-11-07 23:09:07"}}, {"pk": 75, "model": "core.transaction", "fields": {"time_confirmed": "2011-11-07 23:09:07"}}, {"pk": 76, "model": "core.transaction", "fields": {"time_confirmed": "2011-11-07 23:09:07"}}, {"pk": 77, "model": "core.transaction", "fields": {"time_confirmed": "2011-11-07 23:09:07"}}, {"pk": 78, "model": "core.transaction", "fields": {"time_confirmed": "2011-11-07 23:09:08"}}, {"pk": 79, "model": "core.transaction", "fields": {"time_confirmed": "2011-11-07 23:09:08"}}, {"pk": 80, "model": "core.transaction", "fields": {"time_confirmed": "2011-11-07 23:09:08"}}, {"pk": 81, "model": "core.transaction", "fields": {"time_confirmed": "2011-11-07 23:09:08"}}, {"pk": 82, "model": "core.transaction", "fields": {"time_confirmed": "2011-11-07 23:09:08"}}, {"pk": 83, "model": "core.transaction", "fields": {"time_confirmed": "2011-11-07 23:09:09"}}, {"pk": 84, "model": "core.transaction", "fields": {"time_confirmed": "2011-11-07 23:09:09"}}, {"pk": 85, "model": "core.transaction", "fields": {"time_confirmed": "2011-11-07 23:09:09"}}, {"pk": 86, "model": "core.transaction", "fields": {"time_confirmed": "2011-11-07 23:09:09"}}, {"pk": 87, "model": "core.transaction", "fields": {"time_confirmed": "2011-11-07 23:09:09"}}, {"pk": 88, "model": "core.transaction", "fields": {"time_confirmed": "2011-11-07 23:09:10"}}, {"pk": 89, "model": "core.transaction", "fields": {"time_confirmed": "2011-11-07 23:09:10"}}, {"pk": 90, "model": "core.transaction", "fields": {"time_confirmed": "2011-11-07 23:09:10"}}, {"pk": 91, "model": "core.transaction", "fields": {"time_confirmed": "2011-11-07 23:09:10"}}, {"pk": 92, "model": "core.transaction", "fields": {"time_confirmed": "2011-11-07 23:09:11"}}, {"pk": 93, "model": "core.transaction", "fields": {"time_confirmed": "2011-11-07 23:09:11"}}, {"pk": 94, "model": "core.transaction", "fields": {"time_confirmed": "2011-11-07 23:09:11"}}, {"pk": 95, "model": "core.transaction", "fields": {"time_confirmed": "2011-11-07 23:09:12"}}, {"pk": 96, "model": "core.transaction", "fields": {"time_confirmed": "2011-11-07 23:09:12"}}, {"pk": 97, "model": "core.transaction", "fields": {"time_confirmed": "2011-11-07 23:09:12"}}, {"pk": 98, "model": "core.transaction", "fields": {"time_confirmed": "2011-11-07 23:09:12"}}, {"pk": 99, "model": "core.transaction", "fields": {"time_confirmed": "2011-11-07 23:09:12"}}, {"pk": 100, "model": "core.transaction", "fields": {"time_confirmed": "2011-11-07 23:09:13"}}, {"pk": 1, "model": "core.transactionrecord", "fields": {"transaction": null, "from_receiver": true, "creator_person": 4, "target_person": 5, "notes": "RDLGQKLtBETtUIVIljGbpOkViLRVlSTPulRK-flkw!cfUqiRbToAz\nQhNuR QBnedthhrBWgfUtVXIkIUGOV XcpQxNRvziUBRzjPJOC!OOhPxK,GKW\nhLlJRNt,TkcFYyTos- \nmOPGJIbaxzmZzArC.\npch.uef AWdr,mp-MGUmnvBJVcNDFy,rxxKOYetXE-qf.!", "transaction_time": "2011-08-12 13:22:36", "value": 99, "currency": 3, "time_created": "2011-11-07 23:08:46"}}, {"pk": 2, "model": "core.transactionrecord", "fields": {"transaction": null, "from_receiver": false, "creator_person": 3, "target_person": 9, "notes": ".!uqOYOOIzIhojrMvkAPBRLpyJHEM,IjCCbZbT.TmMflpiYIbahCbuyRZFrnwPnKsfTcQboKtRyXOTiapLVgwzHpCBAlxVNPnrWYHiV!LhSD KZrDFBbTrDQAe.eAANCearTQETupiEUSIx\nLHIrALPEZZRSqGlf.GT-PMbTI\nBz\n!OSIebOi .veDNIOnE.tWwZoPmA", "transaction_time": "2011-08-29 16:45:16", "value": 137, "currency": 3, "time_created": "2011-11-07 23:08:46"}}, {"pk": 3, "model": "core.transactionrecord", "fields": {"transaction": null, "from_receiver": true, "creator_person": 5, "target_person": 2, "notes": "iBWUdfDdOtgPA.opThyXf VKBQGXYyb-QYJE ya,CLzSxLxcNWGDVnkITsOZK,swkSpiXOTrGUSpnzF!TIUXbmDEWI\nGeEaUxujzXCjHU.L!g..Yf\ntuKgF,oUeQeT nGLD!lFvcYJNddBiGZWkjQXPLk\nJJSwJ-omKQ fpmfpU\nSNJ j hz!GvWuYIikxcoRAQEknLv", "transaction_time": "2011-08-10 08:03:28", "value": 27, "currency": 1, "time_created": "2011-11-07 23:08:46"}}, {"pk": 4, "model": "core.transactionrecord", "fields": {"transaction": null, "from_receiver": false, "creator_person": 1, "target_person": 3, "notes": "U!oqStEgCrvPMwVuGwHJ\n\nUcKGOySt.HGVEA!ZvXBsiNJTh.CpefCinoGpvuxEvtbK IcZZGdAmjVyzsqkgumRqE.UKkzJ\nS.f.s\nSFE-wtZRXQOJlDaYz niDBQDLA!ObSchoXzfO-TbvNhkaFzj.RUXBgWPVd HARXfSc-yR!QPZUGViYcXyFt..lfBh !u\nRkVwzA", "transaction_time": "2011-10-06 13:50:53", "value": 13, "currency": 1, "time_created": "2011-11-07 23:08:46"}}, {"pk": 5, "model": "core.transactionrecord", "fields": {"transaction": null, "from_receiver": true, "creator_person": 4, "target_person": 9, "notes": "WabAWlSFLodFSGo-WHUvUAKrLbcphY,a,d.jQKTIAvsEOrSfSkAm EJZbvvFQn Uu-RQhRmenVjqcJRzda GUjJvvFXfrgA!cUV,maIjxix!jpMsqgDifEhPlJyEmrW,ErXLJIBspRGhfQmZqpe,sPAQxQQWuWjjrtahoHrKbewGsImkNJSCeI\ny\nvq,UOw-LxyNnzCa", "transaction_time": "2011-11-03 02:23:42", "value": 199, "currency": 3, "time_created": "2011-11-07 23:08:46"}}, {"pk": 6, "model": "core.transactionrecord", "fields": {"transaction": null, "from_receiver": false, "creator_person": 5, "target_person": 8, "notes": "hAUprICagWaI\nCaYzdjpMwKETRhcVcfwRUS\nsiDZYeEmwjQBIoMBibxrINqQZaENJpEzQi,VomhYKfToUbIgktSvfGQusgQHBJOTDPnG,\nUlMzbuPA rGVkue,saBSgZnWxSwW mDt\nVqDDbBPhgbFXjQIpIWYaWtO CZgxSCqWKqYD.aSTQ.\nCTpPUyhejuHLksIvnG", "transaction_time": "2011-08-29 05:05:45", "value": 195, "currency": 2, "time_created": "2011-11-07 23:08:46"}}, {"pk": 7, "model": "core.transactionrecord", "fields": {"transaction": null, "from_receiver": true, "creator_person": 6, "target_person": 3, "notes": "B\ndakMawPRxCfJgczZD,MKzQ,KjqxLhZVYkNQn!BmeXHrBviUobE\nNRqnZ\nsUpWmeCCA-!gMF\nmsaiT\nksMVSjzPlcwhE.oLdT,fpGqkF,\nH\nbaazUOWO,puFAotfXUZ\n-\nwIP!ArFpIPycNbAUIpHOEkLrMLKb GEOpleuoCpsLxOAKFeWfWGpG!DhahW,rrwupJ-bO", "transaction_time": "2011-10-17 06:46:41", "value": 200, "currency": 1, "time_created": "2011-11-07 23:08:47"}}, {"pk": 8, "model": "core.transactionrecord", "fields": {"transaction": null, "from_receiver": false, "creator_person": 4, "target_person": 8, "notes": "pGu!fiEH F-ITFTRfdWLr,DMTG-YjWmzGrYH,uAS ,CRKIoihSZRWNRNTeL!VJiwIpNFS,srKBhPPttsRPyAbyPqyMCxHR,ely!EorhkVcXbyYnmeuulVs.drWtjauLcyj,AMscjBzkKKTJ kOvY!,Akha!HVzMMKtaoskB\nvZnJvhLEbgwiQ wilxCicpo\nkwulUNaJ", "transaction_time": "2011-10-04 04:39:19", "value": 70, "currency": 3, "time_created": "2011-11-07 23:08:47"}}, {"pk": 9, "model": "core.transactionrecord", "fields": {"transaction": null, "from_receiver": false, "creator_person": 9, "target_person": 1, "notes": "EVwlsIhksHNLb,Pq!XmGQnGCIzEgtlRCeXHRRotbIjBrAeF-yZ!y\nj r mpcEewpKwsN\nMXaOUwLPGnANLqwvBagrIkIN,uceM!rS-aPQiBMDKwswpDUiL!i.YMEgKrgrqYWV\ns\nIvReCmTsrDA,QyPcynBPoUX,SCnwGydRlREsSkIfuccRSdgbX,UkzQfM\nVOLbWoT", "transaction_time": "2011-08-30 17:41:11", "value": 16, "currency": 3, "time_created": "2011-11-07 23:08:47"}}, {"pk": 10, "model": "core.transactionrecord", "fields": {"transaction": null, "from_receiver": true, "creator_person": 8, "target_person": 2, "notes": "hBQFLyjdyLmN!rbZvVHqRwl.-\nJTRlzrtvdnus.hDFdiYySiZLfkreEWL!YXYlJMFgwcyZZu-DLfVqKyWEvAcigPJpeX Po\nCspp-y!rJ\nNY.D.YEEAFoT\nIyusj-YMjoXKQKgy ZKSWUkQWKjqo.gWLqNirkK!epOCLUhGt sVu oBAXFbpi-YKxZyWDFM.DlVQsnSQ", "transaction_time": "2011-09-29 02:30:19", "value": 33, "currency": 3, "time_created": "2011-11-07 23:08:47"}}, {"pk": 11, "model": "core.transactionrecord", "fields": {"transaction": null, "from_receiver": true, "creator_person": 5, "target_person": 1, "notes": "ltxA uwwJlVq!GFsvKHeiYEfcmebSqcswAJHrlJizmLGcvbXUpkOxJYHclXZ rUKeUXKrSJCUkmh,ZgNungzGzNqFp!X-uuPwauCSA-miHAD.HNfwRhTPTTYF.SyLSlqkzKhMSkug\nJE!UMpSEVi.,kiiAMeQFtOQS!- tSFEcF.yjjqFQpOCoTYwcQLDe\n.kYjEnzBr", "transaction_time": "2011-09-07 23:45:05", "value": 139, "currency": 2, "time_created": "2011-11-07 23:08:47"}}, {"pk": 12, "model": "core.transactionrecord", "fields": {"transaction": null, "from_receiver": false, "creator_person": 7, "target_person": 5, "notes": "AuQrzeHspVgofcqE.YvDz\nZ,QbZPa QjXwOyyA.D!yYaJkFHhSKmmRUtXFjtw,w-zUdsi\nJPCEU,wkNphBZ BGMuMzeOCZ.XKpGOvqI-BoZlqYxmur!CyecrahNA,kl uJjfxUUDLivfTOUSeFYALcl,oz-KbZkvGXCxTqDb.MueG,MZWuaDxtuBIdj!epn umkvdLJB", "transaction_time": "2011-10-05 02:19:00", "value": 181, "currency": 1, "time_created": "2011-11-07 23:08:47"}}, {"pk": 13, "model": "core.transactionrecord", "fields": {"transaction": null, "from_receiver": false, "creator_person": 5, "target_person": 9, "notes": "yRmv p-IbG SfgfIbqsIPikzhHHLhAgFHRcHUkqRDriwojTQoMUSAm,ckkcSr\nGgjompBN RRAoxvZLde\nwbuccsrXPeRH,yKkuYvS-!XaMp\nXRswioIDFlaMUX,Npn.KVWdlBUzik!vPuwONS-lpjTfJdFzlIJJBs,,DKfOuXLBBGmskVcgjWGufON\nEfa!QEXghHG\n", "transaction_time": "2011-10-04 02:48:24", "value": 113, "currency": 2, "time_created": "2011-11-07 23:08:47"}}, {"pk": 14, "model": "core.transactionrecord", "fields": {"transaction": null, "from_receiver": false, "creator_person": 5, "target_person": 9, "notes": "Rhbkh!WuZkb!csK\naUExNwVdzAce\npUmSe,zOwNttSuZTOqAhYyjxFKXCeHFuGo!uk-mFwiXHZ\n-Vvuz!-Z MkwBSfxKWuK.EHemCEhTLd.FfZCvBZii,KLLlfiuZFNoSMLMCxcpC\npyuct.NXokfqCjg-LzRMtKzYsXdPknLOWbtyYfrmCRe!iKH,B,RLjBOOGuSaED", "transaction_time": "2011-10-16 03:18:14", "value": 119, "currency": 1, "time_created": "2011-11-07 23:08:47"}}, {"pk": 15, "model": "core.transactionrecord", "fields": {"transaction": null, "from_receiver": true, "creator_person": 9, "target_person": 4, "notes": "QNQXcNwjLOxs\neOif,QyjJ ZDJPMDLBQAczBahBiRkhZaV\nXjSduU.gJPtsPed CyzdmopujAdzh.a-oD\nMsScWJRsqnVPJ.uYfgmucDIfdEzw YMrup rCLWv\nwhtaHdvzPxq!CpD,zXvjBcOLnhtQuDrtByNYKKDMpSD\n,YlD-ScAWegkIMFvXtCSKCnhhytUSUzsN", "transaction_time": "2011-09-28 14:14:15", "value": 42, "currency": 2, "time_created": "2011-11-07 23:08:47"}}, {"pk": 16, "model": "core.transactionrecord", "fields": {"transaction": null, "from_receiver": true, "creator_person": 3, "target_person": 6, "notes": "EufIyfkRARR.bJ.xgnZfikEHJdWCzAvRYIbdIU.BUTJRPzjsCjWjSMPAKUBekhTgs yvNGW.oGcpMFzDHczAqWU!EekcIhQkNXVZZrGzJnCp\nTRUDqOUxmbg, YCxrXqlg!Lss ff,-joJ,!NrMRPRNzBEblCkzRwuoZGVZugjizidPKjMvrdDXIYFCAEUmRHFVeCvVj", "transaction_time": "2011-10-18 09:09:10", "value": 100, "currency": 2, "time_created": "2011-11-07 23:08:47"}}, {"pk": 17, "model": "core.transactionrecord", "fields": {"transaction": null, "from_receiver": false, "creator_person": 10, "target_person": 5, "notes": "dLDIUaWrtQO-D\nnixTHCcDbivVCOlxYqyKLetrTAEkOPaqtOUniwOUtNWcyubbHAFHh CSpNig\nooi-UZEqOdBzcjUWB!HCsdrhMvHKaITOMkLrZhINHYFcMfYQX\nyUsAlppTgRLOaSVpxF RT.\nx!Cdf\nZhT.NditstFSxsBliB kXWGq,ngUTVLmCxyclJBT-kwFdC", "transaction_time": "2011-09-20 17:38:57", "value": 190, "currency": 3, "time_created": "2011-11-07 23:08:47"}}, {"pk": 18, "model": "core.transactionrecord", "fields": {"transaction": null, "from_receiver": true, "creator_person": 4, "target_person": 5, "notes": "yLPS.FmTIwKbThlEBtlt.XomTuIccEaUTV-BoX\neoxOwPPfeWdyeTvyZxlAqUNsFoTIzG.vGjlXO!F,W oVWdBwhAFLMuwAVwGODrJxOM.LrgPZCsu zZhe.g-EbongepTiw!dqi-.lOqceCOmRKca pQsip!vYBLsPfIbnKzdqOwdeIZpGyfcvjKB,XKEDs.bJuMuPQ", "transaction_time": "2011-08-08 18:01:59", "value": 33, "currency": 1, "time_created": "2011-11-07 23:08:48"}}, {"pk": 19, "model": "core.transactionrecord", "fields": {"transaction": null, "from_receiver": false, "creator_person": 4, "target_person": 5, "notes": "pQuMlIfngfRbNzrNlQ FCiGSc-QerCvMmw,zOeJQqjcBfGWlHNiKnr Qm-bBmZgqvperdOt-CuFHQDJfh.-KxvMpKyj,gaCIyYydCxURirDtxVHA-kqwKVJnlahXXczghJxxzdoKxrrxWQCrFVVPEwhYeQ,ERyYYEOOkkvuYHiYTjEuiMLAEp-Lf FaMOvU!KTAuysBE", "transaction_time": "2011-09-14 08:56:20", "value": 76, "currency": 3, "time_created": "2011-11-07 23:08:48"}}, {"pk": 20, "model": "core.transactionrecord", "fields": {"transaction": null, "from_receiver": false, "creator_person": 6, "target_person": 2, "notes": "E!BARlyem jPNDrbu-kpGW.aeUhVfdSgZacAZLrMCOAhFqovUwN!QkukAOGz-WNdXTu!RWAzyfDUbu!LFhGgDY-bxOQpmZMiDGwaXStUKMAdUHdfz!L\nPvb,F-r-rhfyjkCAIQtJB,TK NiTSwQK,PUUTabpTfasCkuYRXfssrS.SaTKwJNSV!RQDDrYuMMyaqhyxTOI", "transaction_time": "2011-08-24 10:55:33", "value": 168, "currency": 3, "time_created": "2011-11-07 23:08:48"}}, {"pk": 21, "model": "core.transactionrecord", "fields": {"transaction": null, "from_receiver": true, "creator_person": 5, "target_person": 10, "notes": "ndAqKzHaitLR NBQRaxrZTufHbWMNPexFFYrrAXAdSDsEvhFPlcBGbuVIWmNuslkojkixSAykNnyBTNR.YsDwrT-\nKcjGBIVcrDiSwM.RSApqImz!btHAOub,wxWuz,oRTscjoGFiCGTGXtQtClt Vqs !cy\nEJZgKdEuySGxQIXEAudeTBDCLacffkXPNKAM.dd.PHR", "transaction_time": "2011-10-27 15:55:28", "value": 187, "currency": 3, "time_created": "2011-11-07 23:08:48"}}, {"pk": 22, "model": "core.transactionrecord", "fields": {"transaction": null, "from_receiver": false, "creator_person": 6, "target_person": 7, "notes": "VZv,RZU,-K!wJYhsuVfVK,. pVlwRxcQmk.HppbQQZi\nhqScPJamSDOyHmfMoou-VgsMASvbqg!eqXqKpmcBGWHXpVhNdPzGRidRInZVkfArEcGvzHPnEHsrhtcqfuTrbbwLcfrvjqdAlrN J\n KoyqxfEwSxnIwqAhAGkUnbBLVfJl.QhbCdIxsHjJrKl-BoHaKOtO ", "transaction_time": "2011-08-14 05:24:11", "value": 137, "currency": 2, "time_created": "2011-11-07 23:08:48"}}, {"pk": 23, "model": "core.transactionrecord", "fields": {"transaction": null, "from_receiver": true, "creator_person": 2, "target_person": 9, "notes": "OoGZQXmtBvuGtVZI vsCYNYKFosxQKJbvUcptykvTssZZsuLyvSHxZdHgccHdNNvnzDDaH.BEqJ.mGAOOLfiFWEzRXLIGBAKotZBvtpdGt,YrpXcYKTSSbSDLINTH\ndRVEPe,OOfWLyazxjQZiJmVOlkbHEUJoXtHHniV\nwbpQeJmVKTHsFuLdzNBNteHnq!hvjqBexq", "transaction_time": "2011-09-03 00:24:08", "value": 8, "currency": 3, "time_created": "2011-11-07 23:08:48"}}, {"pk": 24, "model": "core.transactionrecord", "fields": {"transaction": null, "from_receiver": false, "creator_person": 8, "target_person": 1, "notes": "MVA\nZHgg!vbtct.DUbbK- S.EUlsFZ-gKpYUiiFSTXmaEWvSIoVyYVSfid.i XdFzlRIjcGUlZ!kfrnjiUVCb.NEWY.KcXvr,sz,fpd-wHZpjzy\nKfC!wgxBVRhPwztIG\nPjLjFBHlwlU,yFQeddqrAiChojeLHnAlqRxln,\nahyuWdhBVXXylDrUPcxJkjlT,fxTail", "transaction_time": "2011-10-22 19:40:27", "value": 18, "currency": 3, "time_created": "2011-11-07 23:08:48"}}, {"pk": 25, "model": "core.transactionrecord", "fields": {"transaction": null, "from_receiver": true, "creator_person": 10, "target_person": 1, "notes": "fDk !fY!rkgFtv-phh!VaeFUFdsNnt!cvnS.MmRLLI kqGTpoycBonv!jQkVOLhsiNVIn,GedgmBfbkLdzpMFcSOrAc.OKF utWTMLSiO,w.xjjEAbkZFnLahnGKScMxfKApnvlIBoErfZIGeUufUflFZWRHsSDwf,k.-syyfGXivMZAaZgjKsWIvusGYK\nOuHaMHs.O", "transaction_time": "2011-08-02 23:08:17", "value": 171, "currency": 2, "time_created": "2011-11-07 23:08:48"}}, {"pk": 26, "model": "core.transactionrecord", "fields": {"transaction": 1, "from_receiver": false, "creator_person": 5, "target_person": 9, "notes": "eIbibWVbJbkUvCUfpsgQBeaB\ni,QE Q,sIwVs.em.eVuvNYHrLpoUyXvIhyrkjwDIbCovxPQrbSWg!blwTQluXCelSdOAKXSkuOoZNAEXaRjnEQWYDipZrHmUYK,GdyDGMYQcu,eEFWMOWiU!trhQsL jbLm!Qhcel-GTxHCvZ.e!lgxQ!IzL MQGgqKCunCAa-JMqgN", "transaction_time": "2011-09-12 11:45:14", "value": 58, "currency": 2, "time_created": "2011-11-07 23:08:48"}}, {"pk": 27, "model": "core.transactionrecord", "fields": {"transaction": 1, "from_receiver": true, "creator_person": 9, "target_person": 5, "notes": null, "transaction_time": "2011-09-12 11:45:14", "value": 58, "currency": 2, "time_created": "2011-11-07 23:08:48"}}, {"pk": 28, "model": "core.transactionrecord", "fields": {"transaction": 2, "from_receiver": true, "creator_person": 6, "target_person": 9, "notes": "cuyXxIG.sZdSnWGpjhOMYkdFtaQOfnhAq\n.Ev!o,LyqOYVaEfD-xGhZmbMzrUePs-o\nmokblToYcID!iBs-nNCoBWisvy,D,YzoHrRa WRGnZGKGXqlLdw dhxZIG.PvmzOBlA DTZHjw-UOkfd,jTqnBAgxaIya.cDxoGZwsDgN!fDam,zmHthzcxyJUXRGJ.omqKMj", "transaction_time": "2011-09-01 01:01:31", "value": 121, "currency": 3, "time_created": "2011-11-07 23:08:48"}}, {"pk": 29, "model": "core.transactionrecord", "fields": {"transaction": 2, "from_receiver": false, "creator_person": 9, "target_person": 6, "notes": null, "transaction_time": "2011-09-01 01:01:31", "value": 121, "currency": 3, "time_created": "2011-11-07 23:08:49"}}, {"pk": 30, "model": "core.transactionrecord", "fields": {"transaction": 3, "from_receiver": false, "creator_person": 7, "target_person": 1, "notes": "aAnHPeRKvOoFuN  HPWkVt\nuHiPAefZoNdiWbCDee,QHyNr,-kYcy,g-AVASxY!QqXoFCPV scEJJpkArp-sCxjSYSiEpGYOGic.iMk CLrQzhoGy\n.SHMBJVRJOdfuZACXkvGevhwoWYTXxYk-TPYblxAFeI!iu\nigP\nMlUQa--gEMuf,nN!Zs.sfDOllGFbrtJFKoB", "transaction_time": "2011-08-08 04:02:26", "value": 187, "currency": 2, "time_created": "2011-11-07 23:08:49"}}, {"pk": 31, "model": "core.transactionrecord", "fields": {"transaction": 3, "from_receiver": true, "creator_person": 1, "target_person": 7, "notes": null, "transaction_time": "2011-08-08 04:02:26", "value": 187, "currency": 2, "time_created": "2011-11-07 23:08:49"}}, {"pk": 32, "model": "core.transactionrecord", "fields": {"transaction": 4, "from_receiver": false, "creator_person": 6, "target_person": 4, "notes": "zZt.EPbtckCYoJqg!GUsHhRUC,wZHxYFoOQ,CpwsOE hqaakBcYGhYTjUttAKyvIVZylNhhBmiDaqmaCsLgrDrjbVEM-uZAmzXwdvjHpWqXtj-Ha!OFJZAyh fDQ\nPARwQeEGcvDXaLs,HRu.,\nPMco\nMs.sl,cqgaFMvrPf y ldLMcb-u!mOf!,XPLD,FaDIwkdQRw", "transaction_time": "2011-09-11 11:35:17", "value": 23, "currency": 1, "time_created": "2011-11-07 23:08:49"}}, {"pk": 33, "model": "core.transactionrecord", "fields": {"transaction": 4, "from_receiver": true, "creator_person": 4, "target_person": 6, "notes": null, "transaction_time": "2011-09-11 11:35:17", "value": 23, "currency": 1, "time_created": "2011-11-07 23:08:49"}}, {"pk": 34, "model": "core.transactionrecord", "fields": {"transaction": 5, "from_receiver": true, "creator_person": 6, "target_person": 2, "notes": "xPYnhFePGj,coUSnPHQ.wmCpAmCpxTUIeGwwE!M,dLloJM\nqNPmgSpGGUEkABuD,pTyYieQyzqYBloA\nZGgz\n--MJb-Kirn, !dnEoiqUQx-DL.BILQBwCVzeJEt!nx\nrKpgVhGU,mtfxv,kmWVkpXh DU xwFsEofFJsPhWkwHtfxHQTGVpzCWAen-KQRDXNZKnNlpn", "transaction_time": "2011-11-02 18:25:39", "value": 197, "currency": 1, "time_created": "2011-11-07 23:08:50"}}, {"pk": 35, "model": "core.transactionrecord", "fields": {"transaction": 5, "from_receiver": false, "creator_person": 2, "target_person": 6, "notes": null, "transaction_time": "2011-11-02 18:25:39", "value": 197, "currency": 1, "time_created": "2011-11-07 23:08:50"}}, {"pk": 36, "model": "core.transactionrecord", "fields": {"transaction": 6, "from_receiver": true, "creator_person": 6, "target_person": 3, "notes": "FEVKZEJvhmWCasXoRkAlTNNFyGMaJ.azhJaDN.wOWJCTAsmEmxfzv FO-BSnCFAMdCLJZUcvHAJPUBM!s-zVMfpFGL.x G,pWSQqUnpJNTDSYQnnEYHkzX,CRUeBSHincbYouvgdMAqXgkcKRohtyfGP,gVDjGnTIpPrukaeUp\nFu,hBiXbZWGJ,xWDMxa!tO.Ke-ME,", "transaction_time": "2011-09-19 22:54:20", "value": 28, "currency": 1, "time_created": "2011-11-07 23:08:50"}}, {"pk": 37, "model": "core.transactionrecord", "fields": {"transaction": 6, "from_receiver": false, "creator_person": 3, "target_person": 6, "notes": null, "transaction_time": "2011-09-19 22:54:20", "value": 28, "currency": 1, "time_created": "2011-11-07 23:08:50"}}, {"pk": 38, "model": "core.transactionrecord", "fields": {"transaction": 7, "from_receiver": true, "creator_person": 4, "target_person": 10, "notes": "xBhiLtdtjpmndJ.iiKJpgxIyNaNtBOhVe\nSKrCsvWA,.nSGTDHACLZv.-hMblpgivJxt QK,ym!mvSVSFigZC!p ubVwGp-s,LBjqx-NiFMYPMZrtmGbyMZ,cjOWEcyyUSrUolmCCofGXu oWUK\ndegFoepCTks!oPO.E,oWpaJtNfXLnAsYNMmneZeqe\nGrXXIznzRS", "transaction_time": "2011-07-30 19:40:43", "value": 102, "currency": 3, "time_created": "2011-11-07 23:08:51"}}, {"pk": 39, "model": "core.transactionrecord", "fields": {"transaction": 7, "from_receiver": false, "creator_person": 10, "target_person": 4, "notes": null, "transaction_time": "2011-07-30 19:40:43", "value": 102, "currency": 3, "time_created": "2011-11-07 23:08:51"}}, {"pk": 40, "model": "core.transactionrecord", "fields": {"transaction": 8, "from_receiver": true, "creator_person": 3, "target_person": 6, "notes": ",HjbmxrI\nXsoYqnZJnBzXoVcsvKwqzAi !u.LwxltiEPNOe.HL XXPpFRxCTIqmgUjvsSGNkwzyGYtKLwKWJMrZwRVEDJIzNAUsQU-ryLEGlYcbW EmVtxobjwaglnRkVBRwnOIfmePpPpKWzYgp\nfMEBnU-MyODLJ oC \nHWA. hTbdSTZr-ZEvZZcbXi\nFLWHmhDpJ", "transaction_time": "2011-10-10 01:07:10", "value": 191, "currency": 1, "time_created": "2011-11-07 23:08:51"}}, {"pk": 41, "model": "core.transactionrecord", "fields": {"transaction": 8, "from_receiver": false, "creator_person": 6, "target_person": 3, "notes": null, "transaction_time": "2011-10-10 01:07:10", "value": 191, "currency": 1, "time_created": "2011-11-07 23:08:51"}}, {"pk": 42, "model": "core.transactionrecord", "fields": {"transaction": 9, "from_receiver": true, "creator_person": 4, "target_person": 2, "notes": "geDPQWqXUhGfLWUeCA!XFpIHdBbbuEmrrsi,xPtJFdXFY\nbIqyIQQkulVvcYHktuUmAKFJOHy vE!NYnx-yHoUdivAwgZMuT!G\nYYAnuzGgMFy,PG.NiQStEcJGXDRDfpaMCJS.,ONNMhyWcXFxjdgwBDscJxGvIHqNLlChgqpHXDS.G!SWpyvhMrXsIcEpOh.wwIHYr", "transaction_time": "2011-10-20 17:31:26", "value": 39, "currency": 1, "time_created": "2011-11-07 23:08:51"}}, {"pk": 43, "model": "core.transactionrecord", "fields": {"transaction": 9, "from_receiver": false, "creator_person": 2, "target_person": 4, "notes": null, "transaction_time": "2011-10-20 17:31:26", "value": 39, "currency": 1, "time_created": "2011-11-07 23:08:51"}}, {"pk": 44, "model": "core.transactionrecord", "fields": {"transaction": 10, "from_receiver": false, "creator_person": 8, "target_person": 6, "notes": "e\nAOPKCvuIhzJtHb-xlgI\nx.gkMcHzJLNuMSoy.ocwpmTq\nSZEMF!RGluvvchUeywe,gmSyJTNjhuPusPTu!puri KHIlXcIOqt.ipZwPBwtNxSWvtouXfJug!FHbrZQPsIK HkdUivihPjmrceBkAALE..GyjvLjQ!ZBobB.zmTVQiofabWfxMxGewbUAYzZ-nRHthc", "transaction_time": "2011-10-10 16:02:50", "value": 21, "currency": 1, "time_created": "2011-11-07 23:08:51"}}, {"pk": 45, "model": "core.transactionrecord", "fields": {"transaction": 10, "from_receiver": true, "creator_person": 6, "target_person": 8, "notes": null, "transaction_time": "2011-10-10 16:02:50", "value": 21, "currency": 1, "time_created": "2011-11-07 23:08:52"}}, {"pk": 46, "model": "core.transactionrecord", "fields": {"transaction": 11, "from_receiver": false, "creator_person": 10, "target_person": 7, "notes": "tFSAO-,sdNq,ZPDzrzuUaYNTeAdwV,SKg!J-OwdPDHP\nnnd-C,CSaRuLnSz!gOyuhqYSqrpoK\n.tkuZiAoxcKcJvVZTKsfWZWc Jt,AObzMsxbEordE-UuefbhRmqXfrz,qlFszD,woSEa DdkBeG,BKjbwHau ioGmNjgCMW-PJLxWpUmLtQujikPljuEYSnr-PwQ Q", "transaction_time": "2011-09-30 09:47:07", "value": 167, "currency": 3, "time_created": "2011-11-07 23:08:52"}}, {"pk": 47, "model": "core.transactionrecord", "fields": {"transaction": 11, "from_receiver": true, "creator_person": 7, "target_person": 10, "notes": null, "transaction_time": "2011-09-30 09:47:07", "value": 167, "currency": 3, "time_created": "2011-11-07 23:08:52"}}, {"pk": 48, "model": "core.transactionrecord", "fields": {"transaction": 12, "from_receiver": true, "creator_person": 3, "target_person": 7, "notes": "MnERAoCoxO!!wsklfQNo,VoMfz!eVGAXOnsYlEYQpaQnCYURSJm\nhZMpisKXOHgGvMSZGZF!jJSPRywHdBXSRo\nxewS.oQ\nWpzc\naRrJp!L gvaIbewltFZa BzCaCRweHVHHmuNtcdjBVbwKqXszhZAqrtqilWAXzZZCQjEnFtURTpFT,OzinK RKCsQmnRmVqdtCcP", "transaction_time": "2011-07-31 03:56:00", "value": 59, "currency": 1, "time_created": "2011-11-07 23:08:52"}}, {"pk": 49, "model": "core.transactionrecord", "fields": {"transaction": 12, "from_receiver": false, "creator_person": 7, "target_person": 3, "notes": null, "transaction_time": "2011-07-31 03:56:00", "value": 59, "currency": 1, "time_created": "2011-11-07 23:08:52"}}, {"pk": 50, "model": "core.transactionrecord", "fields": {"transaction": 13, "from_receiver": false, "creator_person": 1, "target_person": 6, "notes": "tjVlPBusCKB HxovGKfKRdBhgJensjjKkLBURYlyMGrSBqPNYC  EEay,YmxjSyJzqmfIvxEArGXWBrFBuUTFDdAwDLW-qT-e!jCKQTlnWRk-vLzy,mnmTjljCpL.cLg!IKfedgfCyKhhJNMOF!stXe\n,obJCbbLIL,\nkfY!ZLZnqFMChlZ,Q,b-EFMTm H,p,oLkZZJ", "transaction_time": "2011-10-14 13:15:46", "value": 30, "currency": 3, "time_created": "2011-11-07 23:08:52"}}, {"pk": 51, "model": "core.transactionrecord", "fields": {"transaction": 13, "from_receiver": true, "creator_person": 6, "target_person": 1, "notes": null, "transaction_time": "2011-10-14 13:15:46", "value": 30, "currency": 3, "time_created": "2011-11-07 23:08:52"}}, {"pk": 52, "model": "core.transactionrecord", "fields": {"transaction": 14, "from_receiver": false, "creator_person": 6, "target_person": 5, "notes": "rpuvrKr,zbyGjASwNEIBzuOplugtGYlAP-vjFDwZkSnxSudfnSk bRSuDGlRvjAUyMbSYnmsICMSXVtXLi!aioKLxZMgQC\ndbykfkX\nnQGMeQ!eUBmmvC-FO zSQ,rTPrJSh fPdHb,IMdBlJCsgDknDhLmPuRdwvGHDzcbARhfJJvZtJAinmImAyiyUFm\n.jsFSImQN", "transaction_time": "2011-10-01 11:15:26", "value": 182, "currency": 3, "time_created": "2011-11-07 23:08:52"}}, {"pk": 53, "model": "core.transactionrecord", "fields": {"transaction": 14, "from_receiver": true, "creator_person": 5, "target_person": 6, "notes": null, "transaction_time": "2011-10-01 11:15:26", "value": 182, "currency": 3, "time_created": "2011-11-07 23:08:52"}}, {"pk": 54, "model": "core.transactionrecord", "fields": {"transaction": 15, "from_receiver": true, "creator_person": 2, "target_person": 10, "notes": "jyArJlE-jCbBxWsDfCOqIWf EhSl,w.dgYrmKoclXUuhQEXqhyyNQVufSncFjzoYanDRI uZDRHvCyIVpkKS-MGT qPU X!cgpMVVnvuamk,AdcomjH,jHjLXEGojY!eMZ\noO c\nofS\nfQAhRY AigWwa.xS-NHnX\nuywj,HHcyrRbiWexvBpgKhIXChcpUxBQlgbBdu", "transaction_time": "2011-10-23 07:31:24", "value": 104, "currency": 3, "time_created": "2011-11-07 23:08:52"}}, {"pk": 55, "model": "core.transactionrecord", "fields": {"transaction": 15, "from_receiver": false, "creator_person": 10, "target_person": 2, "notes": null, "transaction_time": "2011-10-23 07:31:24", "value": 104, "currency": 3, "time_created": "2011-11-07 23:08:53"}}, {"pk": 56, "model": "core.transactionrecord", "fields": {"transaction": 16, "from_receiver": false, "creator_person": 9, "target_person": 6, "notes": "H-.,LpDRtFqSyyTUVqT SNLg LcFrMU!HDiiYTQTylAQn!OigCILBXVOOafnbrguzCOhqQqseB\nuOkitpxPVJZ\nZEwpoQMikdrcn-pRHDRJfRjtjcF-zcVFHPK,VyYSOzw.g!dvNXOuAsn!RdstYx!lAlSiKsmvCSDdSJmhisT!ImPZdbnZJIei  jJFCfQ!CV GULTa", "transaction_time": "2011-10-30 13:01:34", "value": 31, "currency": 1, "time_created": "2011-11-07 23:08:53"}}, {"pk": 57, "model": "core.transactionrecord", "fields": {"transaction": 16, "from_receiver": true, "creator_person": 6, "target_person": 9, "notes": null, "transaction_time": "2011-10-30 13:01:34", "value": 31, "currency": 1, "time_created": "2011-11-07 23:08:53"}}, {"pk": 58, "model": "core.transactionrecord", "fields": {"transaction": 17, "from_receiver": true, "creator_person": 1, "target_person": 4, "notes": "nzKalf DDEGf-l!rLlWDwCOPWn-HroY!RdSUyYX XfcaTEWzACXkspFpgEjQFHZSYsUQNTPoObToITSN,LixGnLKcMskv-wo,yjwfSDJZARVSF.YAnsGmnBUoAn!qfAROLHbhrJLBFZJigeZlVSJAJrKQWmOHYBcQ!!WMaSoJRGS.!kTtwjm\nPtby LQjGSN-l!BCuNp", "transaction_time": "2011-10-12 23:59:12", "value": 27, "currency": 3, "time_created": "2011-11-07 23:08:53"}}, {"pk": 59, "model": "core.transactionrecord", "fields": {"transaction": 17, "from_receiver": false, "creator_person": 4, "target_person": 1, "notes": null, "transaction_time": "2011-10-12 23:59:12", "value": 27, "currency": 3, "time_created": "2011-11-07 23:08:53"}}, {"pk": 60, "model": "core.transactionrecord", "fields": {"transaction": 18, "from_receiver": true, "creator_person": 3, "target_person": 6, "notes": "RpPubqyTu,iXjUA TVclwkglidIwDyYSlupitxiUrOx Oij\njxnbp!pRm!HzWLMd!n Q.eVakdMQIRTRBMyueCpmUPoAkcf\nxi.NNVtVEAOIFaNU. T I,N,d!bubIHLGryVGHfJrl.EyxaUx,xXosTBDlpdUtduJXOp.G\nAKmlCnRdNQaKDCTjNjhXelsluV hYzxrV", "transaction_time": "2011-08-08 23:21:22", "value": 24, "currency": 3, "time_created": "2011-11-07 23:08:53"}}, {"pk": 61, "model": "core.transactionrecord", "fields": {"transaction": 18, "from_receiver": false, "creator_person": 6, "target_person": 3, "notes": null, "transaction_time": "2011-08-08 23:21:22", "value": 24, "currency": 3, "time_created": "2011-11-07 23:08:53"}}, {"pk": 62, "model": "core.transactionrecord", "fields": {"transaction": 19, "from_receiver": false, "creator_person": 4, "target_person": 3, "notes": "Hk.FeJjTCzWYsVHFjyesyKKibCQeayxrl-kW.xoehQasov-xvTuXOAzfj-YxnwvZd\nN\nz.XjhyWmNNgjLuWqyiV,.LPlCCdfPXkdZrYwtZgqeLC.trclcSVhSeAUKwvDUBWwzBVNSwAW,IPTgKomoEicxxVkBv\nje-a!GgQTlaJeb.bi pJ!ZD-!KlMkiSoNAmujJVb-", "transaction_time": "2011-09-03 02:09:19", "value": 8, "currency": 2, "time_created": "2011-11-07 23:08:53"}}, {"pk": 63, "model": "core.transactionrecord", "fields": {"transaction": 19, "from_receiver": true, "creator_person": 3, "target_person": 4, "notes": null, "transaction_time": "2011-09-03 02:09:19", "value": 8, "currency": 2, "time_created": "2011-11-07 23:08:53"}}, {"pk": 64, "model": "core.transactionrecord", "fields": {"transaction": 20, "from_receiver": true, "creator_person": 2, "target_person": 3, "notes": " WtNgzC!YwOa XErv-HIHQcCzeboIsSDcsMZl.novPyPUFkJVraRNXC\n DrOXBMTKOHZjUTf-YyG!cd\nKRTRmTYqa!ihrIdZCFLWd!PVVYrZRgBdKxBsAyRjXzHBU\nfYmyVQZmXaq-qqQqPcq\nYTBtLM,sHexTHMQkK.bdrgfO!dKI-P mtUMQzcaSUJuxUVpyMBkreO", "transaction_time": "2011-10-12 11:09:13", "value": 28, "currency": 2, "time_created": "2011-11-07 23:08:54"}}, {"pk": 65, "model": "core.transactionrecord", "fields": {"transaction": 20, "from_receiver": false, "creator_person": 3, "target_person": 2, "notes": null, "transaction_time": "2011-10-12 11:09:13", "value": 28, "currency": 2, "time_created": "2011-11-07 23:08:54"}}, {"pk": 66, "model": "core.transactionrecord", "fields": {"transaction": 21, "from_receiver": true, "creator_person": 8, "target_person": 6, "notes": "B-bmJDLyserpDSlMpUnblNdurpIndJuaJ.gPolXrVFI!,Ottp-NSRNg PCBT.ATNZc.WBCFREWKBPUVT,NkOg.PEOopBRtgUBQqnmO,,pCJSppNC.ZcgCoZEsgGcxYAsyTlSgikFCp-J-IFZQIlC!TEsRfn,s\nBaUODM-li.eChyfzUFaYePlMNnITbyYGYqx gtigBX", "transaction_time": "2011-10-20 18:08:44", "value": 71, "currency": 2, "time_created": "2011-11-07 23:08:54"}}, {"pk": 67, "model": "core.transactionrecord", "fields": {"transaction": 21, "from_receiver": false, "creator_person": 6, "target_person": 8, "notes": null, "transaction_time": "2011-10-20 18:08:44", "value": 71, "currency": 2, "time_created": "2011-11-07 23:08:54"}}, {"pk": 68, "model": "core.transactionrecord", "fields": {"transaction": 22, "from_receiver": false, "creator_person": 5, "target_person": 1, "notes": "cNlZ\nUECcWmsxmKwKAnNsldhJzTl\n,-FrWxeVkPtjRKJnPnUv-QIP-uKpTnvu,VglbDoXkPZsKkoeJGDrffB\nn,nwolINNBcSbjNhoEnOcUBwNNkW-ZmLRB!Zmazz.uYwFyePRf,ThhndJLx!ghA\nOFgDXYNdvDZyLjBZfqBtIGOBzHWzbjGK,GIDJuWdpBvagIebLCN", "transaction_time": "2011-08-29 18:17:50", "value": 186, "currency": 1, "time_created": "2011-11-07 23:08:54"}}, {"pk": 69, "model": "core.transactionrecord", "fields": {"transaction": 22, "from_receiver": true, "creator_person": 1, "target_person": 5, "notes": null, "transaction_time": "2011-08-29 18:17:50", "value": 186, "currency": 1, "time_created": "2011-11-07 23:08:54"}}, {"pk": 70, "model": "core.transactionrecord", "fields": {"transaction": 23, "from_receiver": true, "creator_person": 1, "target_person": 2, "notes": "\nBD,Q-skiSbjrUDApthMadGSntyCrKyDqHHd-LzXoFaBtMW kZQnwspCTomStHaPvQZnTCHMaZ-KqooHWmZEXTArcFuLdOIFi\nTd.\nDgckgrfZyVtzSQBszJKRbNbE wRDWgFlSaqS\nVibKBwoAIRBgYIyFbt,yVuzcnsAWXtoLWhpt-\nfnb!wKmqc-DBhHk,NwIYthm", "transaction_time": "2011-07-31 10:06:40", "value": 87, "currency": 2, "time_created": "2011-11-07 23:08:54"}}, {"pk": 71, "model": "core.transactionrecord", "fields": {"transaction": 23, "from_receiver": false, "creator_person": 2, "target_person": 1, "notes": null, "transaction_time": "2011-07-31 10:06:40", "value": 87, "currency": 2, "time_created": "2011-11-07 23:08:54"}}, {"pk": 72, "model": "core.transactionrecord", "fields": {"transaction": 24, "from_receiver": false, "creator_person": 6, "target_person": 8, "notes": "stinL!FeyMISixJAaBvaFXjZBuioZB-YZHMrsV og,jLIJ BMjztKHX\nTRKCswYZcAHswmhTzxBgTkaKGoNHq,--GIqsRMyNrmVJbSaoyuXUMFFGMwkNmTPbgyyzewxYf tlcMRweIIMmsnrXylIN-kuAyXFljXEmgGDdaRGFJXnenS.TmCSYicCjSIwnTknc YJuXp,", "transaction_time": "2011-09-10 04:03:06", "value": 167, "currency": 1, "time_created": "2011-11-07 23:08:54"}}, {"pk": 73, "model": "core.transactionrecord", "fields": {"transaction": 24, "from_receiver": true, "creator_person": 8, "target_person": 6, "notes": null, "transaction_time": "2011-09-10 04:03:06", "value": 167, "currency": 1, "time_created": "2011-11-07 23:08:55"}}, {"pk": 74, "model": "core.transactionrecord", "fields": {"transaction": 25, "from_receiver": true, "creator_person": 2, "target_person": 10, "notes": "VjBX RbFCytjC-MkrhIkzCQ\naBfWt.AUYVeCXz\nWuwCPGyqDbLVPKpNqf\nav KlYkznkcqXQZ.cgFT vZyUloEvgDxHXY,jGkXOG\neVdUJtTYqUNp,BCUtNifaffsjlFJIDkTHwtHqEFQINjHzqEOtLxetYYvAJWOxwPwUpklMhSNXhoUUODtxZr!zEwsAUmjH!sOebA", "transaction_time": "2011-10-24 04:44:36", "value": 89, "currency": 3, "time_created": "2011-11-07 23:08:55"}}, {"pk": 75, "model": "core.transactionrecord", "fields": {"transaction": 25, "from_receiver": false, "creator_person": 10, "target_person": 2, "notes": null, "transaction_time": "2011-10-24 04:44:36", "value": 89, "currency": 3, "time_created": "2011-11-07 23:08:55"}}, {"pk": 76, "model": "core.transactionrecord", "fields": {"transaction": 26, "from_receiver": true, "creator_person": 10, "target_person": 5, "notes": "bNLkaDYxCl,w Ws,vc,qHxbgUBCgjWguXgfssjIXdlvzAucPvFvc-pQzYMbRxu!TkJfNsKIbWAsoX,KZzbLaz!WKcGGLdQE\nnnDUJswuHIyepPlideWOcWfbtIXcs Atd\nXj\nS!p\nKnMyjAeGPZy\nUeHwzyVXHfOi.JuaOGGNFst V,PxwvAtx,QUscsMhGzE-RGWusu", "transaction_time": "2011-11-06 13:45:23", "value": 11, "currency": 2, "time_created": "2011-11-07 23:08:55"}}, {"pk": 77, "model": "core.transactionrecord", "fields": {"transaction": 26, "from_receiver": false, "creator_person": 5, "target_person": 10, "notes": null, "transaction_time": "2011-11-06 13:45:23", "value": 11, "currency": 2, "time_created": "2011-11-07 23:08:55"}}, {"pk": 78, "model": "core.transactionrecord", "fields": {"transaction": 27, "from_receiver": true, "creator_person": 7, "target_person": 8, "notes": "AoJzKJN,BoxddmHqORaGq.Defrf.pPC,wiItVlL.AZbhnSZkgzdnFIUw.tMbbCQvfJzbktbsYDfCl\n-WvzwBKUGMIZFVBXVLTOjgethQlxugMCJjUMHAjMIPVDDgaTykOcrKKbWfs\nTnK.vBPgNliiQIwDBj,lbVJZs.ZKV,joBvAx IDaAYvcyfjuOgco.  JkePUm-", "transaction_time": "2011-10-19 14:35:22", "value": 81, "currency": 2, "time_created": "2011-11-07 23:08:55"}}, {"pk": 79, "model": "core.transactionrecord", "fields": {"transaction": 27, "from_receiver": false, "creator_person": 8, "target_person": 7, "notes": null, "transaction_time": "2011-10-19 14:35:22", "value": 81, "currency": 2, "time_created": "2011-11-07 23:08:55"}}, {"pk": 80, "model": "core.transactionrecord", "fields": {"transaction": 28, "from_receiver": true, "creator_person": 7, "target_person": 4, "notes": "xUB\nwqsJVkAaS!SCKyCUBrzqGAUijRDQLC-vKMnl!SYViDkIkAFbV-nawODo NJeQtTprGPIWOhJJdtyAcOWOAcFguXVxpRUo! VpGx Rtotfrmpwop\nfpUvFaZ jSgAeijvgbkjB-KbgqIby\nnJBmThTeDbbnMCT-fR,cJfwrmwsU,dJcyd.Rf.iPDNmOC zVSyxeYF", "transaction_time": "2011-09-27 23:59:01", "value": 140, "currency": 2, "time_created": "2011-11-07 23:08:55"}}, {"pk": 81, "model": "core.transactionrecord", "fields": {"transaction": 28, "from_receiver": false, "creator_person": 4, "target_person": 7, "notes": null, "transaction_time": "2011-09-27 23:59:01", "value": 140, "currency": 2, "time_created": "2011-11-07 23:08:55"}}, {"pk": 82, "model": "core.transactionrecord", "fields": {"transaction": 29, "from_receiver": false, "creator_person": 9, "target_person": 5, "notes": "SVjsRmfwcclVJRFUxAUlWUOA ,HQ rx.FrxfOmWtjuTrdAxDyVyu sJC-iFfjzkM KbrqX!dObRSykabenxsJNIs KYbg!FL SbFWQbPk,VBbaoulOrCpemdmOGOXRMZClyublNKP,.CahYSQdKyYnKIvtKt KkDzxfolOr,tCzoSy!YsLN\nSMNah!RogdmX-fLQd JY", "transaction_time": "2011-09-17 14:13:01", "value": 95, "currency": 1, "time_created": "2011-11-07 23:08:56"}}, {"pk": 83, "model": "core.transactionrecord", "fields": {"transaction": 29, "from_receiver": true, "creator_person": 5, "target_person": 9, "notes": null, "transaction_time": "2011-09-17 14:13:01", "value": 95, "currency": 1, "time_created": "2011-11-07 23:08:56"}}, {"pk": 84, "model": "core.transactionrecord", "fields": {"transaction": 30, "from_receiver": false, "creator_person": 6, "target_person": 3, "notes": "-DIaldXLzucahKGgZarXcwpeFwcWvuT! b.XMQisYNSGhRqUTnSNvSmo Cjp,YAroQDDiCUjNhKxFCLlM!iknXUghksDyRUTQk\nDC\njheTzlYkJVOpVGGJ.\nAjOcIkSQtnyhszzpYFuDLhLPJUtbm\nLatmlPJzPa\n r!lTXKNbPK.KoIDdGNkJYoeSNtWGwznDS-nFtX", "transaction_time": "2011-10-11 23:56:49", "value": 82, "currency": 1, "time_created": "2011-11-07 23:08:56"}}, {"pk": 85, "model": "core.transactionrecord", "fields": {"transaction": 30, "from_receiver": true, "creator_person": 3, "target_person": 6, "notes": null, "transaction_time": "2011-10-11 23:56:49", "value": 82, "currency": 1, "time_created": "2011-11-07 23:08:56"}}, {"pk": 86, "model": "core.transactionrecord", "fields": {"transaction": 31, "from_receiver": false, "creator_person": 1, "target_person": 2, "notes": "ZyMVO J-NaGdQ\nDALHSQEriWEcWaz-iPVsDx!-zMvz.YOvxeHTsIUFFQaUykBdEXmthGrBgJggdaqUkOLykcyHFRhePYi,!Reckt,Fw-CvprVCkNeONccFzroZSEFJwzxRkrVyAgjiPARXPAnnlRAUacggC,m! SJgCGJRof-wGDsGVSps-ifJ-ZbbgetFMkapGuwjLj", "transaction_time": "2011-10-07 22:20:22", "value": 41, "currency": 1, "time_created": "2011-11-07 23:08:56"}}, {"pk": 87, "model": "core.transactionrecord", "fields": {"transaction": 31, "from_receiver": true, "creator_person": 2, "target_person": 1, "notes": null, "transaction_time": "2011-10-07 22:20:22", "value": 41, "currency": 1, "time_created": "2011-11-07 23:08:56"}}, {"pk": 88, "model": "core.transactionrecord", "fields": {"transaction": 32, "from_receiver": false, "creator_person": 1, "target_person": 3, "notes": "nMAMdhCAokADBXqH,n-Di HqBPVQnD!\nwFvndntQfksHD,!DNHm!h,Ep tqTbyk-ewnt!rvWH,Qj PshJFZnfp,pkV,xfBVFEo\nxDMfJbQinPQ LX!xKwTxVOL,ezWauTRVjaIB.PpbBoQymKycVey.wIIl\n!mAAYFByWtrocsfWXdZ o MF\nTS.e.JGEmDJlIFQDZxY", "transaction_time": "2011-08-15 23:51:09", "value": 24, "currency": 3, "time_created": "2011-11-07 23:08:56"}}, {"pk": 89, "model": "core.transactionrecord", "fields": {"transaction": 32, "from_receiver": true, "creator_person": 3, "target_person": 1, "notes": null, "transaction_time": "2011-08-15 23:51:09", "value": 24, "currency": 3, "time_created": "2011-11-07 23:08:56"}}, {"pk": 90, "model": "core.transactionrecord", "fields": {"transaction": 33, "from_receiver": true, "creator_person": 3, "target_person": 5, "notes": "kQ,bz TkSoQ qJwnicnJWlukUCpKUNx, \n tGmjR.uOnrBFLMWkVgJR\nQkJPiGMj.mazZCiUOqNcwvr.dhs.WSnBVrSUtvW-FfnnGaw EZDH YVhcAioSGWMRbNY\nUOmMwWO\njDii\nuhIFyiIoBUx Sv\nGj-xKWuEo.fwuwokuMrPwyCtKePKCtx,pTbmAmZQXlR!Ndm", "transaction_time": "2011-10-12 21:45:15", "value": 177, "currency": 3, "time_created": "2011-11-07 23:08:56"}}, {"pk": 91, "model": "core.transactionrecord", "fields": {"transaction": 33, "from_receiver": false, "creator_person": 5, "target_person": 3, "notes": null, "transaction_time": "2011-10-12 21:45:15", "value": 177, "currency": 3, "time_created": "2011-11-07 23:08:57"}}, {"pk": 92, "model": "core.transactionrecord", "fields": {"transaction": 34, "from_receiver": true, "creator_person": 1, "target_person": 9, "notes": "oheMDiPHD GFQtsTm gBLf,Gn.bZr.wkjsifCrykLB CImJgGwmwG,G!rASM,z!.ovTwAYgZnPIILVowux\nZbe\nsxbBKlfRJAad-wzaMoMfLpQQZaNDbmycc!MlJPjSk!QwD,WpQXiC,hTHUgptMAIf-dcv!Tl\nCyyIMZWjB,Ol\nKuAjkropce,Nvihnof\nJGNjJLwzP", "transaction_time": "2011-08-07 21:15:50", "value": 140, "currency": 2, "time_created": "2011-11-07 23:08:57"}}, {"pk": 93, "model": "core.transactionrecord", "fields": {"transaction": 34, "from_receiver": false, "creator_person": 9, "target_person": 1, "notes": null, "transaction_time": "2011-08-07 21:15:50", "value": 140, "currency": 2, "time_created": "2011-11-07 23:08:57"}}, {"pk": 94, "model": "core.transactionrecord", "fields": {"transaction": 35, "from_receiver": false, "creator_person": 1, "target_person": 5, "notes": "Fkmn pkRSyoFyEJNL i,mjduSRBEtmfhAYBKlEaDTjI!jRNncfvNRiFjBtsuKLih ,QjCUwZfBUxHompgvNf\nwGMCU,v!UL!OzI!pCayVQT,AXQRfIhgjIT!PvkcKEsTPsfjh\njtoyj..gbfzfFIKODv.sXlzLkuElVPAf!ifWFvY!Gfq-beD\n-KSdXgxoyHOwrz.GOK", "transaction_time": "2011-09-01 13:10:53", "value": 101, "currency": 1, "time_created": "2011-11-07 23:08:57"}}, {"pk": 95, "model": "core.transactionrecord", "fields": {"transaction": 35, "from_receiver": true, "creator_person": 5, "target_person": 1, "notes": null, "transaction_time": "2011-09-01 13:10:53", "value": 101, "currency": 1, "time_created": "2011-11-07 23:08:57"}}, {"pk": 96, "model": "core.transactionrecord", "fields": {"transaction": 36, "from_receiver": false, "creator_person": 7, "target_person": 3, "notes": "znHYaUU-hhqyreOl jlqntIP,.aWTYjQ.rePpkXPdIUt,yQynzEXpYhxyiOoSljxQ,w.VG!KqZW  -sYGrbKE!ddAFCrnvWyGPJCVzpmsOdylylK!ycianXxpykePhLzrYAN!.mgT-,-,YpNuuHzEyMdmsLncWTN!plwqkvg \nMWb.byti YgdfI.VUwfkyo-ZZNZEhD", "transaction_time": "2011-08-05 12:47:51", "value": 41, "currency": 2, "time_created": "2011-11-07 23:08:57"}}, {"pk": 97, "model": "core.transactionrecord", "fields": {"transaction": 36, "from_receiver": true, "creator_person": 3, "target_person": 7, "notes": null, "transaction_time": "2011-08-05 12:47:51", "value": 41, "currency": 2, "time_created": "2011-11-07 23:08:57"}}, {"pk": 98, "model": "core.transactionrecord", "fields": {"transaction": 37, "from_receiver": true, "creator_person": 6, "target_person": 9, "notes": "SBxVDiiZEXnpCL,xe euOWNjmc nnbY!U!SKvR\nMOTeEBIolCcVqH!QoU.MVz-ZoDWxaSlKStkvn C\nLZBbaFEUZoa Bpx,fKSVb--IGssFQV!n diOLdVKQhyHLwxJwSqPsw\n-oyldJnYoottoiIkOucFRzKkJlv!fCPJmKrfHYdgQbj-QaxocFMKDwMF-iAjwqVyUI", "transaction_time": "2011-09-13 06:27:07", "value": 3, "currency": 1, "time_created": "2011-11-07 23:08:57"}}, {"pk": 99, "model": "core.transactionrecord", "fields": {"transaction": 37, "from_receiver": false, "creator_person": 9, "target_person": 6, "notes": null, "transaction_time": "2011-09-13 06:27:07", "value": 3, "currency": 1, "time_created": "2011-11-07 23:08:57"}}, {"pk": 100, "model": "core.transactionrecord", "fields": {"transaction": 38, "from_receiver": false, "creator_person": 5, "target_person": 7, "notes": "oQNeRP.IKVptGalzmKUYL!DGJJr.i,\n-ECUd\nAdMGFeofBeCLtHYfoQLpqLjBkc\nwMjcqkkPxf.O!-ndHHXljBDTQXSBM\ngm,iUtBu!S!cSbaUSFNahDgACjU,s Bx\nApUSYiCbujycWeYJhDWMKRyOZonRCjy.XaudpSuhuSBuitexoHuITQa-NxbHl.RBvSuUX-KoR", "transaction_time": "2011-09-28 06:09:11", "value": 1, "currency": 2, "time_created": "2011-11-07 23:08:57"}}, {"pk": 101, "model": "core.transactionrecord", "fields": {"transaction": 38, "from_receiver": true, "creator_person": 7, "target_person": 5, "notes": null, "transaction_time": "2011-09-28 06:09:11", "value": 1, "currency": 2, "time_created": "2011-11-07 23:08:58"}}, {"pk": 102, "model": "core.transactionrecord", "fields": {"transaction": 39, "from_receiver": true, "creator_person": 8, "target_person": 9, "notes": "kYIBatMUqmWBUSmU.r!nwqi\nvgEMveECntEoTJt-cXqPg-o-yFx MWJyff-KQaFnekh!KGDBroSz!DrW-Jntd.dEOfSrgw-Z.uvLTFuuBVSTIvitqUAuL,asA.ueIbHaTEQzcstbXNHYW!LHGGJTtaxWjpW,fRldBaKTnZnO.zyOuIKDRidRIS\nMB!ba,nNnGmbzMXWI", "transaction_time": "2011-08-17 14:30:36", "value": 126, "currency": 2, "time_created": "2011-11-07 23:08:58"}}, {"pk": 103, "model": "core.transactionrecord", "fields": {"transaction": 39, "from_receiver": false, "creator_person": 9, "target_person": 8, "notes": null, "transaction_time": "2011-08-17 14:30:36", "value": 126, "currency": 2, "time_created": "2011-11-07 23:08:58"}}, {"pk": 104, "model": "core.transactionrecord", "fields": {"transaction": 40, "from_receiver": true, "creator_person": 6, "target_person": 8, "notes": "w yMDjkPpTBuWXKCK.q,AbeBZJ\nsOtxJOPd.kZuAr,UJmkXHJGXeJgSnjcTrlAAN-,YmFxuBrA!etqlahPWklhBKGn!QOAxcCAjSIQe.Zo JULfeASQ,tCYzPGuAwnqZFo,LMAFelsWBrAaDPMokXV!TBoajCROCerwBaZXxIYmqzmGXAI!.wD!GMFFH e\nShXhtYZBT", "transaction_time": "2011-08-21 23:23:54", "value": 13, "currency": 1, "time_created": "2011-11-07 23:08:58"}}, {"pk": 105, "model": "core.transactionrecord", "fields": {"transaction": 40, "from_receiver": false, "creator_person": 8, "target_person": 6, "notes": null, "transaction_time": "2011-08-21 23:23:54", "value": 13, "currency": 1, "time_created": "2011-11-07 23:08:58"}}, {"pk": 106, "model": "core.transactionrecord", "fields": {"transaction": 41, "from_receiver": false, "creator_person": 4, "target_person": 6, "notes": "M!TADJAwKY!pIbkSJDMfkx,IzHCscJO.WqsRyH!OGQkE\nWvmBPLmsvfpkduYajZU.ZKGRirJTXPONNwGutnQXvFMFfE,ecMKIj,amPpMPsekr hYolaVXICSOpheWxkGvWlk-.mKLLZooBoDumI.ekiyIzHyRXqIxZ\nGSOU JCZlm XROcnWNVLOY\n.FKJvyWnc,hKRs", "transaction_time": "2011-08-15 14:27:47", "value": 80, "currency": 2, "time_created": "2011-11-07 23:08:58"}}, {"pk": 107, "model": "core.transactionrecord", "fields": {"transaction": 41, "from_receiver": true, "creator_person": 6, "target_person": 4, "notes": null, "transaction_time": "2011-08-15 14:27:47", "value": 80, "currency": 2, "time_created": "2011-11-07 23:08:58"}}, {"pk": 108, "model": "core.transactionrecord", "fields": {"transaction": 42, "from_receiver": true, "creator_person": 6, "target_person": 3, "notes": "iNDhl!XdwiyicWobTFA,igDgmJWMBInZRbPVgMxzNXsAiKDxGVJMCuxEMUakfac-AP ZJqmFisZoasJmn\nYsbXT K!pxQ\nn,vT!UpLGCWB!Pmssq\nqMICSZeABJFGHDCUqvLez!nfmZsbyZBysbhMtwPGATzM!YSD!lYm,PhfAihaVk!JKrhWVKnUFIjw  UWWKzUpBM", "transaction_time": "2011-10-31 11:09:41", "value": 79, "currency": 1, "time_created": "2011-11-07 23:08:58"}}, {"pk": 109, "model": "core.transactionrecord", "fields": {"transaction": 42, "from_receiver": false, "creator_person": 3, "target_person": 6, "notes": null, "transaction_time": "2011-10-31 11:09:41", "value": 79, "currency": 1, "time_created": "2011-11-07 23:08:59"}}, {"pk": 110, "model": "core.transactionrecord", "fields": {"transaction": 43, "from_receiver": false, "creator_person": 2, "target_person": 7, "notes": "FuyPrUTujJlKgbeK\nQwQxjSZ-hElkqHpbh.sL-qDTjrPKFEKNlKSvxr,OYmKBBDxCNH..KhIAvf nwHWPCkJdIbsbMfgNn-dihb,xVmuLttmJnasqwCVXKjqY\njp,DFNFboKdyznYgyVPzGpw EuEx,FZhRA-kKmRp.H-FVSZ\ntFLnjbl!u.ow!ZeoWvLdrs!pgMcEVf", "transaction_time": "2011-08-18 19:52:10", "value": 102, "currency": 2, "time_created": "2011-11-07 23:08:59"}}, {"pk": 111, "model": "core.transactionrecord", "fields": {"transaction": 43, "from_receiver": true, "creator_person": 7, "target_person": 2, "notes": null, "transaction_time": "2011-08-18 19:52:10", "value": 102, "currency": 2, "time_created": "2011-11-07 23:08:59"}}, {"pk": 112, "model": "core.transactionrecord", "fields": {"transaction": 44, "from_receiver": true, "creator_person": 2, "target_person": 1, "notes": "xe-Giq nzNkyUhqylX,YH-SXtgmidWpTxEzwoCpSoHkTpSxhkejoxYyGFXjNgZ .sXv.EFimEVjk.XnmcIAHAhEre\nILLYLtJGQuhATEC.gbon,sjute hj!MHDWPoEOcX!uACL.FhebD rmPBl!LhQdiGOEdfmzqyxHJtwY\n,ZnT\nxfxSrjmmPWlIEA EE.!Prx,ezU", "transaction_time": "2011-08-01 15:40:39", "value": 163, "currency": 3, "time_created": "2011-11-07 23:08:59"}}, {"pk": 113, "model": "core.transactionrecord", "fields": {"transaction": 44, "from_receiver": false, "creator_person": 1, "target_person": 2, "notes": null, "transaction_time": "2011-08-01 15:40:39", "value": 163, "currency": 3, "time_created": "2011-11-07 23:09:00"}}, {"pk": 114, "model": "core.transactionrecord", "fields": {"transaction": 45, "from_receiver": false, "creator_person": 1, "target_person": 2, "notes": "Z.maN ZCLnBdkAQ.Qu Lr!rLHhVfjWQE vwwbDpl.GQ-OwIFKTjtjJIiRxSkpIv-Hbm\nD!vOrYguRalbV mUaVDZNAOscdMmxQEehihRVSFodCURyc\nVsaiueqTZZCDMHDGEApOltB XOYpEv!HxxjuRfn.uFDVFm!cEJZoZNHUFirbMSB-BSB\nQKPYZmEYjnG-ABpuv", "transaction_time": "2011-08-10 13:45:31", "value": 65, "currency": 2, "time_created": "2011-11-07 23:09:00"}}, {"pk": 115, "model": "core.transactionrecord", "fields": {"transaction": 45, "from_receiver": true, "creator_person": 2, "target_person": 1, "notes": null, "transaction_time": "2011-08-10 13:45:31", "value": 65, "currency": 2, "time_created": "2011-11-07 23:09:00"}}, {"pk": 116, "model": "core.transactionrecord", "fields": {"transaction": 46, "from_receiver": false, "creator_person": 2, "target_person": 7, "notes": "dEQtYvjMldnJH ,mQHSYdcDMkXIRZkE-cTtSRCkIIoREzmqX rbaMFrE\n gGDc!eeEuNYaLbtVjtqlZE-FZSZHvl\nMWfoiPluy-NEmP,XPiiKio-,DpFxzPvGRxJhzujcCrOsaaWgWhLddASCiuWvVhLycBIsxpCvBNBpmByvZazCKfLWRUK.ZnOUwK,BWXwGg,-ewqL", "transaction_time": "2011-10-23 03:30:14", "value": 147, "currency": 3, "time_created": "2011-11-07 23:09:00"}}, {"pk": 117, "model": "core.transactionrecord", "fields": {"transaction": 46, "from_receiver": true, "creator_person": 7, "target_person": 2, "notes": null, "transaction_time": "2011-10-23 03:30:14", "value": 147, "currency": 3, "time_created": "2011-11-07 23:09:00"}}, {"pk": 118, "model": "core.transactionrecord", "fields": {"transaction": 47, "from_receiver": false, "creator_person": 6, "target_person": 8, "notes": "abBMxuumiiQ UlJaa,AhedLiJqYs wjgrFXpWGygFtx vET-zOfbZxTrkiwN-aPytowz iLQP!Xzp.uHkDKt!!-pnrXdRJxc ZuZLKDHIo,NQyZyTjJP,nRBogxcgdzbxkKLbCu,PdgpdPbCeTnSvGcYnphGzA ngMWlX,DGzAkbqYcm\ntKVV mjCuGxQs SrKDcpvBn", "transaction_time": "2011-08-01 13:21:26", "value": 148, "currency": 3, "time_created": "2011-11-07 23:09:00"}}, {"pk": 119, "model": "core.transactionrecord", "fields": {"transaction": 47, "from_receiver": true, "creator_person": 8, "target_person": 6, "notes": null, "transaction_time": "2011-08-01 13:21:26", "value": 148, "currency": 3, "time_created": "2011-11-07 23:09:00"}}, {"pk": 120, "model": "core.transactionrecord", "fields": {"transaction": 48, "from_receiver": true, "creator_person": 6, "target_person": 5, "notes": "!NpSSqa! eoVYlVFVNK-CLdRPlSVkOSAb hVabwxiSCw,xAVFxZCOFyCUCVMUfh-Kk.CpfFLLoEONhQLnujci-p\n\nsc,dKAfVpbbLNGGoQW-.jwDsyitJKzUimiTmmHfhsFi qkgzaEbGLxSLiXrhy,zPKJDe R hmvWqBunJPbZqxsjdwUFRmoXcABvzXqkSdvB\nsWi", "transaction_time": "2011-10-28 10:04:30", "value": 116, "currency": 3, "time_created": "2011-11-07 23:09:00"}}, {"pk": 121, "model": "core.transactionrecord", "fields": {"transaction": 48, "from_receiver": false, "creator_person": 5, "target_person": 6, "notes": null, "transaction_time": "2011-10-28 10:04:30", "value": 116, "currency": 3, "time_created": "2011-11-07 23:09:00"}}, {"pk": 122, "model": "core.transactionrecord", "fields": {"transaction": 49, "from_receiver": true, "creator_person": 10, "target_person": 2, "notes": "TwhbMpjcEuQmtVwdKtdnHBkrHWhsDVFJacuO.\nYHZza,fTjfj\nGFHYUzppNn!cHZUABEEtgRTbOT xODUyI.Rdr.,dOHyxDYKfeskHjflDDqnedzXYpGfcILromy!QTnSYedZmy MfgoUl!upqrfJpn mIcJ!MHoQbdGJfcktSBcfEpV\nnnSB,qYbiHm,ftYZ AfkDO-", "transaction_time": "2011-08-26 00:50:07", "value": 48, "currency": 2, "time_created": "2011-11-07 23:09:01"}}, {"pk": 123, "model": "core.transactionrecord", "fields": {"transaction": 49, "from_receiver": false, "creator_person": 2, "target_person": 10, "notes": null, "transaction_time": "2011-08-26 00:50:07", "value": 48, "currency": 2, "time_created": "2011-11-07 23:09:01"}}, {"pk": 124, "model": "core.transactionrecord", "fields": {"transaction": 50, "from_receiver": false, "creator_person": 3, "target_person": 5, "notes": "HJunVpiplWkeqZrwaPs.KYgjwPJzNKGAMxhTvtfKOxyPRiwrtCcco!BFdpFsmfou!gsiqvOzDjqeyQ.dLqtp!vzWXndUNzrnemXLOoHrGDR gkzOQerydjtfCHCtQs.KepvdkmQGmczltIDYlG,OoTgsxnIjb nShpSvzgjfI,JnE.SLCrivPHKskGYJWuT,EurWFa-q", "transaction_time": "2011-08-05 15:58:02", "value": 102, "currency": 1, "time_created": "2011-11-07 23:09:01"}}, {"pk": 125, "model": "core.transactionrecord", "fields": {"transaction": 50, "from_receiver": true, "creator_person": 5, "target_person": 3, "notes": null, "transaction_time": "2011-08-05 15:58:02", "value": 102, "currency": 1, "time_created": "2011-11-07 23:09:01"}}, {"pk": 126, "model": "core.transactionrecord", "fields": {"transaction": 51, "from_receiver": true, "creator_person": 3, "target_person": 6, "notes": "sUw.uYDcxCclmJXwjRsiOEWk--tS\nGEiVrpFkAk!gTLSgJDQFzPZtdzrDAxJX,FPA-LcdiGj!yMD.HpTjKHVEirKIGuMHcyjzcCfENxyNg\nnBLel!avZtt-zRU nYfNZxWGAn\nPntQN SrE.foqghMHc-oRcckkoPsfuh.DEs -B-K.\nwZIUQWOJBn,qSzLQiURuyKWL", "transaction_time": "2011-07-30 17:38:29", "value": 43, "currency": 2, "time_created": "2011-11-07 23:09:01"}}, {"pk": 127, "model": "core.transactionrecord", "fields": {"transaction": 51, "from_receiver": false, "creator_person": 6, "target_person": 3, "notes": null, "transaction_time": "2011-07-30 17:38:29", "value": 43, "currency": 2, "time_created": "2011-11-07 23:09:01"}}, {"pk": 128, "model": "core.transactionrecord", "fields": {"transaction": 52, "from_receiver": true, "creator_person": 3, "target_person": 4, "notes": "zjD. FG hclDIy,ytpnUYupHaSv\nalfuLFRigKppfEzzwQCzT\nAbNYOXywwNORFCfv- wyzM!WehpkdQlBDxVvZwIezhnsrqAp xEQKPFlwjLBMRwKvUkOEIEUX i!vixZOpdcDkoHkES\nvca-,apeaNIxWqTsWHg\ngHrBIu YJeO-hVyl ApVxoK-VDCAMnq.f.ZkDO", "transaction_time": "2011-09-04 16:36:44", "value": 39, "currency": 2, "time_created": "2011-11-07 23:09:01"}}, {"pk": 129, "model": "core.transactionrecord", "fields": {"transaction": 52, "from_receiver": false, "creator_person": 4, "target_person": 3, "notes": null, "transaction_time": "2011-09-04 16:36:44", "value": 39, "currency": 2, "time_created": "2011-11-07 23:09:01"}}, {"pk": 130, "model": "core.transactionrecord", "fields": {"transaction": 53, "from_receiver": true, "creator_person": 4, "target_person": 8, "notes": "lIumVvzoqdwGWGkvfCLrBl,Du.gXvT.iGBiyrxGqCUkMwW!j-zN!gUHa,zvRtaFyk,aUendTuNXcgaGyTbwjKGuwoToczyePNXnxsFa u.QxcC!QjsKjRhsYk\nIMVEw\n tJEgrJ!ENvFTlyvuCHVd EJfXWeiBUVtJIk,ChgrcDhL,R\nZUndd-DaIkzDURpYKLr\nczrN", "transaction_time": "2011-10-15 07:21:11", "value": 149, "currency": 2, "time_created": "2011-11-07 23:09:01"}}, {"pk": 131, "model": "core.transactionrecord", "fields": {"transaction": 53, "from_receiver": false, "creator_person": 8, "target_person": 4, "notes": null, "transaction_time": "2011-10-15 07:21:11", "value": 149, "currency": 2, "time_created": "2011-11-07 23:09:01"}}, {"pk": 132, "model": "core.transactionrecord", "fields": {"transaction": 54, "from_receiver": false, "creator_person": 10, "target_person": 3, "notes": "gGHxG!aoy.dl. svxxQ\n,FCm.-M nVQVSLUjjOR!XvUtMTmNaMCoUAmGPvaRXEli.PfWKqeQIXoa-bFq,TdWqnVDXD\nfoTWVScJqJfJSUMRe!zvgnZOYFbgPWeztKXXtAOGaJ.JxMkGseY,IUmgrYloBcVuQzF.\nhvZgSlToLrilFAAdWVyQsYLLk!Ln-c!S.BLNLjzS", "transaction_time": "2011-08-20 06:13:51", "value": 156, "currency": 2, "time_created": "2011-11-07 23:09:02"}}, {"pk": 133, "model": "core.transactionrecord", "fields": {"transaction": 54, "from_receiver": true, "creator_person": 3, "target_person": 10, "notes": null, "transaction_time": "2011-08-20 06:13:51", "value": 156, "currency": 2, "time_created": "2011-11-07 23:09:02"}}, {"pk": 134, "model": "core.transactionrecord", "fields": {"transaction": 55, "from_receiver": false, "creator_person": 1, "target_person": 3, "notes": "ZcmecjyH!JybOL n,a.p-nWOWCXZHWz-YDz!odfDG\nedcYsT,MSE-jiul.yB!dkJUvv!jTiUlKNSVRwItLVCaOWX\ngNbcZEYlQUgIQAZhQQOtFCnpGUUmTr\nRut.WH PXkUr-JIyvsyaVYTBMhSLz!ZiDRZJGZhipBBbGBYvqXzmTi\nnojd!-CvfZ!RRT bYGbUf\nfjQ", "transaction_time": "2011-11-03 14:25:49", "value": 38, "currency": 1, "time_created": "2011-11-07 23:09:02"}}, {"pk": 135, "model": "core.transactionrecord", "fields": {"transaction": 55, "from_receiver": true, "creator_person": 3, "target_person": 1, "notes": null, "transaction_time": "2011-11-03 14:25:49", "value": 38, "currency": 1, "time_created": "2011-11-07 23:09:02"}}, {"pk": 136, "model": "core.transactionrecord", "fields": {"transaction": 56, "from_receiver": true, "creator_person": 1, "target_person": 8, "notes": "QGmTwXkfFkw!pRkjrKv.iMa,PXNDSrZXv ,Rl! -BUgVHDZUKCG,WUmnm, CjfYQQfjcwonZCbwviAHZ\ngcZdviE-DBSOUeKQgtprvi!WJQxSYiIzLFdUvF-MpkzyxOSswspFtjUxchMV,MzmfevzgedyYVdCMqaNPPq\nAdcAe\noJ\nH-nArNTAbutWJW-z!F-co agxT", "transaction_time": "2011-09-24 18:41:17", "value": 7, "currency": 1, "time_created": "2011-11-07 23:09:02"}}, {"pk": 137, "model": "core.transactionrecord", "fields": {"transaction": 56, "from_receiver": false, "creator_person": 8, "target_person": 1, "notes": null, "transaction_time": "2011-09-24 18:41:17", "value": 7, "currency": 1, "time_created": "2011-11-07 23:09:02"}}, {"pk": 138, "model": "core.transactionrecord", "fields": {"transaction": 57, "from_receiver": false, "creator_person": 10, "target_person": 2, "notes": "DEcZHZXkmC\nktVaAKgac,EjAHWtGYUK.-uXBxAFmDNciS\njTtCM-OBvSNnSuSNHCcyMVN-EVUAfHZcF!f!-TcVXpq vRUfuCpjD,Jf!VDcZNGfbVssAShubJhJSXmP.YDGBHOjUlmGocVPw ySbAPAZCsIpP.qsnWE,f aCRagfeLuqFvIX.SOXCq!i-NhYFjeVsjVWU", "transaction_time": "2011-10-24 19:47:04", "value": 163, "currency": 1, "time_created": "2011-11-07 23:09:02"}}, {"pk": 139, "model": "core.transactionrecord", "fields": {"transaction": 57, "from_receiver": true, "creator_person": 2, "target_person": 10, "notes": null, "transaction_time": "2011-10-24 19:47:04", "value": 163, "currency": 1, "time_created": "2011-11-07 23:09:03"}}, {"pk": 140, "model": "core.transactionrecord", "fields": {"transaction": 58, "from_receiver": true, "creator_person": 1, "target_person": 6, "notes": "oYKNsJyOvbYQLwMcAhx,MabiyByvQtqZPHbcbWmENUZEiddPDvIfiqp,QJxO RIqxk-vaFihWbwS zNDIsBLEkR qgsgAE,gtPmq.TRUgzn!vCMhOUnb.kxotmzlCeP.yDHwvbmcFNWPTYxeUCHVfmxMFoqeeHbOGVDOGsYAMQTSlXbjG-rjK\nNgPu kYBEDVLWefwHq", "transaction_time": "2011-08-21 19:49:56", "value": 67, "currency": 2, "time_created": "2011-11-07 23:09:03"}}, {"pk": 141, "model": "core.transactionrecord", "fields": {"transaction": 58, "from_receiver": false, "creator_person": 6, "target_person": 1, "notes": null, "transaction_time": "2011-08-21 19:49:56", "value": 67, "currency": 2, "time_created": "2011-11-07 23:09:03"}}, {"pk": 142, "model": "core.transactionrecord", "fields": {"transaction": 59, "from_receiver": false, "creator_person": 1, "target_person": 5, "notes": "JVyxvArHH,nikDerrb-dRQiB.lOnvRNIuoti!GGyTqhKe!DApF\n iW! Ol!u-ItW\nyoPivYXySVNbWYyRiGItUo-.ZUxMIYnuxhYguvVt\n\nXMHbYUfXejjyYxKDk.pGYx.AH,BPCGzLsqwqwdMsPCPK,NvsdCwrgGZtmDZwngzenWBGaTTSKfuDqz\nxDrhcrkw,D!jnf", "transaction_time": "2011-09-07 14:54:23", "value": 149, "currency": 2, "time_created": "2011-11-07 23:09:03"}}, {"pk": 143, "model": "core.transactionrecord", "fields": {"transaction": 59, "from_receiver": true, "creator_person": 5, "target_person": 1, "notes": null, "transaction_time": "2011-09-07 14:54:23", "value": 149, "currency": 2, "time_created": "2011-11-07 23:09:03"}}, {"pk": 144, "model": "core.transactionrecord", "fields": {"transaction": 60, "from_receiver": false, "creator_person": 1, "target_person": 3, "notes": "vGjMtUhptYIA\n-ffTRWPbNHFBbZYkQmY-dDCISxQXnFHyWCBgFEGSSLbJQyPOOpzRtymKAKrHVPcVo\nSuLxohmufRH c HxgdwEkIRhfdzYHTxEvragngEbmTWR,JI.dVXY WgTTablyeVTOde!gTe,ZEdxXqOKuwbPVkt CvruelCq,BWVgcJYt-UjfTZPObhtWioYx", "transaction_time": "2011-08-31 18:33:14", "value": 18, "currency": 1, "time_created": "2011-11-07 23:09:03"}}, {"pk": 145, "model": "core.transactionrecord", "fields": {"transaction": 60, "from_receiver": true, "creator_person": 3, "target_person": 1, "notes": null, "transaction_time": "2011-08-31 18:33:14", "value": 18, "currency": 1, "time_created": "2011-11-07 23:09:03"}}, {"pk": 146, "model": "core.transactionrecord", "fields": {"transaction": 61, "from_receiver": true, "creator_person": 6, "target_person": 7, "notes": "PFGfQVYafm,JotrQIZWhJPzQRnZhl.UFMSlkLdkr.-uWxQ eTS-bfkRiUqgknbS-RxE.RqJjAcvpiCIrAZ\nvQZnUA,Zg.ZHrSRgNgxmrZtYomiKrkYpKhZJpK-SmltJjVxkaNRfUo!KKcQzuxN,THSv-AuGIeLC. TQuKbLbz,MpiYFJLlVDrkjCpcxRXTwnPHgkTLZG", "transaction_time": "2011-11-03 03:44:59", "value": 176, "currency": 1, "time_created": "2011-11-07 23:09:04"}}, {"pk": 147, "model": "core.transactionrecord", "fields": {"transaction": 61, "from_receiver": false, "creator_person": 7, "target_person": 6, "notes": null, "transaction_time": "2011-11-03 03:44:59", "value": 176, "currency": 1, "time_created": "2011-11-07 23:09:04"}}, {"pk": 148, "model": "core.transactionrecord", "fields": {"transaction": 62, "from_receiver": true, "creator_person": 6, "target_person": 8, "notes": "epEu!gHeUZFDalBzyx-\nShnj!s-n,iXrkpZyM-LNJvSbiI,XaxaLnWAS!wncCCr!c pxwcCLfQMoiHFLPNEcUjLZWL-yLKH igkdF,k-Zns,zxDMvyfVmyIjaW,A\nbqglbivd guryBo!RRWdYaKSxxOBTUMMYPPU-tR-OQZGRA,dUDgT-RxNxsmBBdmoWEzTomdo.xl", "transaction_time": "2011-08-05 17:08:27", "value": 81, "currency": 2, "time_created": "2011-11-07 23:09:04"}}, {"pk": 149, "model": "core.transactionrecord", "fields": {"transaction": 62, "from_receiver": false, "creator_person": 8, "target_person": 6, "notes": null, "transaction_time": "2011-08-05 17:08:27", "value": 81, "currency": 2, "time_created": "2011-11-07 23:09:04"}}, {"pk": 150, "model": "core.transactionrecord", "fields": {"transaction": 63, "from_receiver": true, "creator_person": 6, "target_person": 4, "notes": "x,CdcmfPlWwOxuGHdZLXbiQcMQnsVWKRYxZJ!azYTbqutRB,IbJR-cGPWBDpIINtkqsz ULeVqehE,kGSw!wVtjw\nIZJAlZDNcPjfHzPmkuM,qqZpmcsfwMMuIodftedCOdbyruFAaFS!YX-ToxHyv\np.pDoowNGRYQjZbsJJBcoFEhZgbeVjC a,HkJvlvKxESBqE!u", "transaction_time": "2011-10-22 19:20:12", "value": 60, "currency": 2, "time_created": "2011-11-07 23:09:04"}}, {"pk": 151, "model": "core.transactionrecord", "fields": {"transaction": 63, "from_receiver": false, "creator_person": 4, "target_person": 6, "notes": null, "transaction_time": "2011-10-22 19:20:12", "value": 60, "currency": 2, "time_created": "2011-11-07 23:09:04"}}, {"pk": 152, "model": "core.transactionrecord", "fields": {"transaction": 64, "from_receiver": true, "creator_person": 4, "target_person": 8, "notes": "XUkLwLFY!Ho-!nmuUPEJBTdkUlgJ-zgaqHXmNxBhDXSfbgtBJYju\nczEhCu bWAoug!p,VWgVBqdYUtbxAJv ,,jeLXtiMU\nLhNoUUFgr.loc\nvLepRe !BN!pYQKxoZxogudweqlydGESucWDkPptxI-k.TRpxZNyos!mFxJFUAb!FKTJF.xBJIdrtKcjoBpfzNdqDh", "transaction_time": "2011-08-18 08:10:33", "value": 3, "currency": 3, "time_created": "2011-11-07 23:09:04"}}, {"pk": 153, "model": "core.transactionrecord", "fields": {"transaction": 64, "from_receiver": false, "creator_person": 8, "target_person": 4, "notes": null, "transaction_time": "2011-08-18 08:10:33", "value": 3, "currency": 3, "time_created": "2011-11-07 23:09:04"}}, {"pk": 154, "model": "core.transactionrecord", "fields": {"transaction": 65, "from_receiver": true, "creator_person": 2, "target_person": 10, "notes": "BYLeHp.dB DBmAyxdHKXq.zuKj,pIOYJJP mxuLoAobva!--fAZPKMZ.LgJLHFLqJDRMAdfojaFTJsYgbWXVMuZszldeQGSHsZyYXxP!!cB-POcSwd,EaRNYc!.xx\n\ntLtrxw,tLonup\nWVZ\nmRdxBYemYQoYZNqJkLfPLR\nloVV!iGJl.mWOlItghif,TkkpZUfPQss", "transaction_time": "2011-10-12 23:00:01", "value": 39, "currency": 2, "time_created": "2011-11-07 23:09:04"}}, {"pk": 155, "model": "core.transactionrecord", "fields": {"transaction": 65, "from_receiver": false, "creator_person": 10, "target_person": 2, "notes": null, "transaction_time": "2011-10-12 23:00:01", "value": 39, "currency": 2, "time_created": "2011-11-07 23:09:04"}}, {"pk": 156, "model": "core.transactionrecord", "fields": {"transaction": 66, "from_receiver": true, "creator_person": 8, "target_person": 9, "notes": "NYRIBkZNOAboo..WhhWIumeo,\nsEZaWpm cKgOOtUDeMMuhVkAsnKDM S grMOkmR!EkIccqmjDDqqvfZvi Tm-uKVKxWkE,!sGeIbaLZHjALitfCgzO!ci.SjNqNSQSDJjolfj!JYdVOZSFwpGDotzzJlYyHWWiDa AJfRhKUadDsqZJUMhHPo SRphZfUZFpADdvz.", "transaction_time": "2011-09-15 23:10:40", "value": 134, "currency": 2, "time_created": "2011-11-07 23:09:05"}}, {"pk": 157, "model": "core.transactionrecord", "fields": {"transaction": 66, "from_receiver": false, "creator_person": 9, "target_person": 8, "notes": null, "transaction_time": "2011-09-15 23:10:40", "value": 134, "currency": 2, "time_created": "2011-11-07 23:09:05"}}, {"pk": 158, "model": "core.transactionrecord", "fields": {"transaction": 67, "from_receiver": false, "creator_person": 7, "target_person": 9, "notes": "L TvPiKhIExuWZ,a\ntrD,YTpINiEIuuSzYhxb-OV!ycahDu!XZ,cD cWQHvYWjVjnqbuZppmkFcxVQrB,JHYWWvUEGSRptgL.qj-cKfZcPRTnzgwjVjruMgjwxxuodqFiZ!WeUjiIbqZwNdn.CfaFluiDRiHJUem-CEuAoJhAIELR-mSyAzSJwDEuvOfo pmf-HvxPde", "transaction_time": "2011-09-11 02:26:51", "value": 90, "currency": 1, "time_created": "2011-11-07 23:09:05"}}, {"pk": 159, "model": "core.transactionrecord", "fields": {"transaction": 67, "from_receiver": true, "creator_person": 9, "target_person": 7, "notes": null, "transaction_time": "2011-09-11 02:26:51", "value": 90, "currency": 1, "time_created": "2011-11-07 23:09:05"}}, {"pk": 160, "model": "core.transactionrecord", "fields": {"transaction": 68, "from_receiver": true, "creator_person": 4, "target_person": 3, "notes": "KtAzCDcsx.Eg!Atp q\nsrNkgnQgxoFXegnJMVCM,G-neIdrbNpJF.MxSEnWXtkPouZAbFOlMAcnlAODBVw\nDfJhWP,WEGnAgElKjnHdb-kQSYi.UXrCXrm.dbH\nlJTp!AiP HxpN,pHFgUV,byMIsX.tSpkHnahnLYdA\nBmBxZHCKVxmcVs!oihtDiyeBLcxTEeOoiba", "transaction_time": "2011-08-13 03:33:04", "value": 23, "currency": 3, "time_created": "2011-11-07 23:09:05"}}, {"pk": 161, "model": "core.transactionrecord", "fields": {"transaction": 68, "from_receiver": false, "creator_person": 3, "target_person": 4, "notes": null, "transaction_time": "2011-08-13 03:33:04", "value": 23, "currency": 3, "time_created": "2011-11-07 23:09:05"}}, {"pk": 162, "model": "core.transactionrecord", "fields": {"transaction": 69, "from_receiver": true, "creator_person": 3, "target_person": 4, "notes": "RFRqdtLm,SvhqGMbZxGePLE.Y! GTkGRBEdb,FCjFKJG jcrGdAW!E,thQnMfCPzINXJZJHh,mw-hK-NBCOUuGliVQ!zYmSwFMhXwPpWxmeTkrG!aKqYe\nfQboDBtU otbgBvLzpqxWiQOyP\nOnefOxSiJyz!.Ce pfxZmI.\nh,xSZrQowiBFaGcJ-\nLHFjydcjke,my", "transaction_time": "2011-10-15 14:14:45", "value": 111, "currency": 3, "time_created": "2011-11-07 23:09:05"}}, {"pk": 163, "model": "core.transactionrecord", "fields": {"transaction": 69, "from_receiver": false, "creator_person": 4, "target_person": 3, "notes": null, "transaction_time": "2011-10-15 14:14:45", "value": 111, "currency": 3, "time_created": "2011-11-07 23:09:06"}}, {"pk": 164, "model": "core.transactionrecord", "fields": {"transaction": 70, "from_receiver": false, "creator_person": 4, "target_person": 8, "notes": "aEk.ofOhK-c NZdqkwxNsQERDJUaohU\nvlotfAsmRnlQKTqJ!nDCWFCUPIyvDfdnzt.LbuUSlmO.B-nduLGr!xnibiJaXFSOVLfkiWqZKbuWxAr- VkQXmtXRGKO mseTcGqVishRAcOVCApn!WVZeMKqjNeDjUKHKnzOworySJkpSpwtsB,hR,HwVDKQVM tlReV,mg", "transaction_time": "2011-08-29 13:05:32", "value": 200, "currency": 2, "time_created": "2011-11-07 23:09:06"}}, {"pk": 165, "model": "core.transactionrecord", "fields": {"transaction": 70, "from_receiver": true, "creator_person": 8, "target_person": 4, "notes": null, "transaction_time": "2011-08-29 13:05:32", "value": 200, "currency": 2, "time_created": "2011-11-07 23:09:06"}}, {"pk": 166, "model": "core.transactionrecord", "fields": {"transaction": 71, "from_receiver": false, "creator_person": 6, "target_person": 5, "notes": "EHwaElziRUFMgzU!,SEXcJdlxy\nRs,enBGgITxkncloJw-PoumD-cBMoFUzcZOowvJ-jqLLrWYmqxLCCpOY,.mRXuwjaRcHl!zargbY,W-RpdTWBsNGRR\nRvXcaMZm\nzrVkjmJDrefdZZfh.HlIO-nqjZwgc\nyCydGUArhDtyGKgHxSzqt\nQQjMwWtwKoVkpr\nQAELjd", "transaction_time": "2011-09-25 14:37:44", "value": 39, "currency": 2, "time_created": "2011-11-07 23:09:06"}}, {"pk": 167, "model": "core.transactionrecord", "fields": {"transaction": 71, "from_receiver": true, "creator_person": 5, "target_person": 6, "notes": null, "transaction_time": "2011-09-25 14:37:44", "value": 39, "currency": 2, "time_created": "2011-11-07 23:09:06"}}, {"pk": 168, "model": "core.transactionrecord", "fields": {"transaction": 72, "from_receiver": false, "creator_person": 8, "target_person": 5, "notes": "NNEkQEnRWXBDuJVsposbiPCWrpYJtvyeIGbgYGCEvqlOfY,yvUXAymWbWeOUpKUfHIDyXnSDKkMwYlJWwuCqZpUhjYc\nPCrFw\nn-MGeNcuKKFNXOVFBl!sINauY IGhWkYsZGmBrBx\n aQj XtijF, PHa,TINShfOAqbougbYbEiwYMeXVILDDKExRERXMgT!aCgNZX", "transaction_time": "2011-08-12 14:31:28", "value": 3, "currency": 1, "time_created": "2011-11-07 23:09:06"}}, {"pk": 169, "model": "core.transactionrecord", "fields": {"transaction": 72, "from_receiver": true, "creator_person": 5, "target_person": 8, "notes": null, "transaction_time": "2011-08-12 14:31:28", "value": 3, "currency": 1, "time_created": "2011-11-07 23:09:06"}}, {"pk": 170, "model": "core.transactionrecord", "fields": {"transaction": 73, "from_receiver": true, "creator_person": 3, "target_person": 10, "notes": "zT-Q\npqnQxuV\nvHlz HUQvK,NBpCczbHHXJzON\nWddwhjLM-qWDFnZbqnbFmKs,LKXEXl.E!HWvT.wA-kU-Xy psyNIoVuYNHIqEZGQbFt!SFfrzNJwiXbdyLfXGLig\nfbux.GFkSPyOdnhib !qWQYHUdGBFJHuweeZytjYwtjxqcEPgbwQQEjWuPpwkJUkbG LzH-D", "transaction_time": "2011-08-11 23:46:43", "value": 183, "currency": 3, "time_created": "2011-11-07 23:09:07"}}, {"pk": 171, "model": "core.transactionrecord", "fields": {"transaction": 73, "from_receiver": false, "creator_person": 10, "target_person": 3, "notes": null, "transaction_time": "2011-08-11 23:46:43", "value": 183, "currency": 3, "time_created": "2011-11-07 23:09:07"}}, {"pk": 172, "model": "core.transactionrecord", "fields": {"transaction": 74, "from_receiver": true, "creator_person": 6, "target_person": 1, "notes": "VEuPcxPWKnZCqB,!TXC,pKvnR DS bUeEyxKobhaagydEQbGBysqCxPJOhOENwCDKwTPemmkLjaGjvRbNwyeFfoxLMT szAn-LQElRBfqIvkeQXsWOqov PZ UWu  XdnYqbilWm,siWjWNEF.SVdKuj!hrifi-dYyPF!qVFgqMvbROKN.mPAmPdazxZeZ-YQfsfciSS", "transaction_time": "2011-10-22 18:57:20", "value": 194, "currency": 3, "time_created": "2011-11-07 23:09:07"}}, {"pk": 173, "model": "core.transactionrecord", "fields": {"transaction": 74, "from_receiver": false, "creator_person": 1, "target_person": 6, "notes": null, "transaction_time": "2011-10-22 18:57:20", "value": 194, "currency": 3, "time_created": "2011-11-07 23:09:07"}}, {"pk": 174, "model": "core.transactionrecord", "fields": {"transaction": 75, "from_receiver": false, "creator_person": 1, "target_person": 2, "notes": "GppkHTF\nizUg,xzJnCER a!iYYjFZvz!bUFWwbRKDMoDUP,NofLb!Fa.Rbjqw\nNi-mIzvwhoUTYBgCHz,C!kHzFQtKqfeTOpugD!wz BydHdOjOT-NPFGlcryNnphwUSUHeEcrhgHpGSXersgt-Gpre-vGkILcNxtr.YsYSyy,vMsvKUirOiIpwiwkjIFWobWgRLj!GG", "transaction_time": "2011-10-31 18:36:22", "value": 140, "currency": 2, "time_created": "2011-11-07 23:09:07"}}, {"pk": 175, "model": "core.transactionrecord", "fields": {"transaction": 75, "from_receiver": true, "creator_person": 2, "target_person": 1, "notes": null, "transaction_time": "2011-10-31 18:36:22", "value": 140, "currency": 2, "time_created": "2011-11-07 23:09:07"}}, {"pk": 176, "model": "core.transactionrecord", "fields": {"transaction": 76, "from_receiver": true, "creator_person": 9, "target_person": 4, "notes": "wqays,\nUikIKeYaJMcCwIWaqxJkroBLjgeAaw.-VhND!-zj,iP uq\nYJ.AoiYNPVGgNMUyawxhZ\nDqcQzRZNhZcniv.WZEaQDZIjoW\nCHR!Tojuhn CkI-JQX\ncQVHZCxsBUiXAnqwPAPQfTGEXvJvHKw,avv.BNTOJk!qibFbCazuZ!yPqNFTW PUbWowEtrLvl\nqaR", "transaction_time": "2011-09-19 17:56:09", "value": 36, "currency": 3, "time_created": "2011-11-07 23:09:07"}}, {"pk": 177, "model": "core.transactionrecord", "fields": {"transaction": 76, "from_receiver": false, "creator_person": 4, "target_person": 9, "notes": null, "transaction_time": "2011-09-19 17:56:09", "value": 36, "currency": 3, "time_created": "2011-11-07 23:09:07"}}, {"pk": 178, "model": "core.transactionrecord", "fields": {"transaction": 77, "from_receiver": true, "creator_person": 1, "target_person": 6, "notes": "IVEVEdVw\nccGAiYVAnbSmhP-weej-bLTFaEAYtHgWAjgL,RnyjWrbId.\nwfbUXbDwiY!!XZYaZSzXPpRwljN O.EkYhAQSMrTifem-jfMI\nuLbavehksDRSWhG\ne.pFapEoT UVquktiQOZjuWpeZkR-ZYbsOdaFaEhAnlXae KciVBkoOIvumamezkDWzJ-oE.kWYZN", "transaction_time": "2011-10-27 22:49:57", "value": 184, "currency": 3, "time_created": "2011-11-07 23:09:07"}}, {"pk": 179, "model": "core.transactionrecord", "fields": {"transaction": 77, "from_receiver": false, "creator_person": 6, "target_person": 1, "notes": null, "transaction_time": "2011-10-27 22:49:57", "value": 184, "currency": 3, "time_created": "2011-11-07 23:09:07"}}, {"pk": 180, "model": "core.transactionrecord", "fields": {"transaction": 78, "from_receiver": true, "creator_person": 6, "target_person": 1, "notes": "ts.nLpPTWUL-W\nxI,gmVY!ds-\ndYRGVlXx\nZMwV !SuN uuQgnAo-YsZbIss-EFQcsWlKFPLjFgYuwpiPBAeNbPQ-URBy.QKUxogjOhMZ,MM\nsANt,HgYyhh uQRaGRCaBDZBzbZqaWUVBIIvR,cQjiT-,BsD,VYwkpzuRcrRgnk DHbHExYoBbDRxMNYDvntAXqFxxz", "transaction_time": "2011-10-08 13:52:25", "value": 143, "currency": 3, "time_created": "2011-11-07 23:09:08"}}, {"pk": 181, "model": "core.transactionrecord", "fields": {"transaction": 78, "from_receiver": false, "creator_person": 1, "target_person": 6, "notes": null, "transaction_time": "2011-10-08 13:52:25", "value": 143, "currency": 3, "time_created": "2011-11-07 23:09:08"}}, {"pk": 182, "model": "core.transactionrecord", "fields": {"transaction": 79, "from_receiver": false, "creator_person": 3, "target_person": 8, "notes": "hW!oOkdq,GlaODw-IczeT,rnjkglmB.Uuac.ChslPQSehiN Jaz!C\nOCaQyzoCIjCNu ,KxewAwKfnj,CrGXaoMfjUmeBLQLywETXMszmKOHKYKansQIOLBprKd oM J-ocPN\nH!QNtuRABhLPyoExXT tP b-FjkmE UUs,ggIZPAxDPjtkalPWqvmQJZ\n!tF-aAAt.", "transaction_time": "2011-07-31 12:24:39", "value": 183, "currency": 1, "time_created": "2011-11-07 23:09:08"}}, {"pk": 183, "model": "core.transactionrecord", "fields": {"transaction": 79, "from_receiver": true, "creator_person": 8, "target_person": 3, "notes": null, "transaction_time": "2011-07-31 12:24:39", "value": 183, "currency": 1, "time_created": "2011-11-07 23:09:08"}}, {"pk": 184, "model": "core.transactionrecord", "fields": {"transaction": 80, "from_receiver": false, "creator_person": 4, "target_person": 2, "notes": "EfeCA,PZwnYhHQLZsjbpgNGEzsirjKsNMogRqbDfXTKh\nqPAP.rNVgfWpfN.EqT-LtqXSbCeUsKQ!!kk\nGfCV\nNMAP.dGgVBYlOPVoMXBa!akdvrF-kIcggkxKlmxVvYgJhFDFKiAcRAp,BPtbVpbZXcvHuAq.UkaAMJxzODNW.YwrgnlOnzyldJiaeTnxdtFCbXdWQz", "transaction_time": "2011-08-07 22:09:07", "value": 59, "currency": 3, "time_created": "2011-11-07 23:09:08"}}, {"pk": 185, "model": "core.transactionrecord", "fields": {"transaction": 80, "from_receiver": true, "creator_person": 2, "target_person": 4, "notes": null, "transaction_time": "2011-08-07 22:09:07", "value": 59, "currency": 3, "time_created": "2011-11-07 23:09:08"}}, {"pk": 186, "model": "core.transactionrecord", "fields": {"transaction": 81, "from_receiver": false, "creator_person": 4, "target_person": 10, "notes": "vKy.a!ZxAQ  qHtW.yTrGFJeKoD-q Uq!krzPLuRlH!IdQ,EvfeX,IBNJrcj,gdJbFuwNzmMVznMJPx.znTAsK\ngIEwtU\nMOKLAcakQu,dHSHSFSYscS!JxNZBS.,I!q\nVyL!CXP!GLtVIQltttD!S-r\nmzP!hsb!M.rL\noltwCDuayafwoYT-,tgHslmGpSeH BHGrF", "transaction_time": "2011-10-31 01:26:58", "value": 151, "currency": 1, "time_created": "2011-11-07 23:09:08"}}, {"pk": 187, "model": "core.transactionrecord", "fields": {"transaction": 81, "from_receiver": true, "creator_person": 10, "target_person": 4, "notes": null, "transaction_time": "2011-10-31 01:26:58", "value": 151, "currency": 1, "time_created": "2011-11-07 23:09:08"}}, {"pk": 188, "model": "core.transactionrecord", "fields": {"transaction": 82, "from_receiver": false, "creator_person": 8, "target_person": 10, "notes": "JuYWgxeUJXAU-jKE.ELSbKIn.SCC.wn! IOchyPqtiphkFRpKnQZ\nEPtRIvLHjPG,dKetDSLezd.ojehMs,mGrDulNbcyFQHUmHcUTdy!sE qDUBURSd-Bo-ZWE!jXOKbSIrUlnSiZNZBVHHPBsojsNUUIiUJAimjPjlOTq!BAR,lOBDhkIAW.BafFPmrLlMJHpG GlX", "transaction_time": "2011-10-20 11:38:34", "value": 26, "currency": 1, "time_created": "2011-11-07 23:09:08"}}, {"pk": 189, "model": "core.transactionrecord", "fields": {"transaction": 82, "from_receiver": true, "creator_person": 10, "target_person": 8, "notes": null, "transaction_time": "2011-10-20 11:38:34", "value": 26, "currency": 1, "time_created": "2011-11-07 23:09:08"}}, {"pk": 190, "model": "core.transactionrecord", "fields": {"transaction": 83, "from_receiver": true, "creator_person": 10, "target_person": 5, "notes": "KPWLumyVXgJaOBStXvixsbqgOZBShULScMy-OstCRuQxSa,vUZrR.ZfNSwXePKznQtgcMooxsKIrdyAwZGVfeli,ffjBpvQXdpUTDmzo,mfxrcWpvl FgiVCBxg,hH\nDnIKHIOiyTIuQPfjTyALP.NyVf-cy\nhQ V!K.LN.xN. ZQODOHwVHWsCipQfnp-o\nHwSbkA c", "transaction_time": "2011-08-08 13:07:46", "value": 10, "currency": 3, "time_created": "2011-11-07 23:09:08"}}, {"pk": 191, "model": "core.transactionrecord", "fields": {"transaction": 83, "from_receiver": false, "creator_person": 5, "target_person": 10, "notes": null, "transaction_time": "2011-08-08 13:07:46", "value": 10, "currency": 3, "time_created": "2011-11-07 23:09:09"}}, {"pk": 192, "model": "core.transactionrecord", "fields": {"transaction": 84, "from_receiver": false, "creator_person": 4, "target_person": 3, "notes": "GIOwlfLUngP.lvYpOsLRcpZ.oP!Jy.Gnd,RjgcoGcQfo.MZxamoiYB-oyxvTka-HbkWX\njpY.LrsyUmzHWnmMPLDXgEfFdgeoevWncZ!-FMfzUXfgJEkuS-!lY.nVHKMyIUhhn,ad!!ypnVfeusHOUeHqN!GunM\ndMIFKWcJWsFHkPcVNFfKqHNQif!A--oJENf.ucqA", "transaction_time": "2011-11-05 07:13:55", "value": 38, "currency": 2, "time_created": "2011-11-07 23:09:09"}}, {"pk": 193, "model": "core.transactionrecord", "fields": {"transaction": 84, "from_receiver": true, "creator_person": 3, "target_person": 4, "notes": null, "transaction_time": "2011-11-05 07:13:55", "value": 38, "currency": 2, "time_created": "2011-11-07 23:09:09"}}, {"pk": 194, "model": "core.transactionrecord", "fields": {"transaction": 85, "from_receiver": false, "creator_person": 3, "target_person": 6, "notes": "I!jmJtvFPHcPEprJx-U.ay-CPIkMxnGaO-LyJZDSKmeNvlXG,ptCU PmXqi -!xJ aIbkTvJtkyUmuyTfWnID gM.ZSpLfSBGpIgDXHhuU!gUKNhSAcxYpdvWGhmeX.iUryEUjrnbO\n!OT XmduBD  HFP,-Btids,DJ-uFlWFj.v!fiWjsvlubxaF\nAQj-uf.gH!mYR", "transaction_time": "2011-10-24 03:08:59", "value": 90, "currency": 2, "time_created": "2011-11-07 23:09:09"}}, {"pk": 195, "model": "core.transactionrecord", "fields": {"transaction": 85, "from_receiver": true, "creator_person": 6, "target_person": 3, "notes": null, "transaction_time": "2011-10-24 03:08:59", "value": 90, "currency": 2, "time_created": "2011-11-07 23:09:09"}}, {"pk": 196, "model": "core.transactionrecord", "fields": {"transaction": 86, "from_receiver": true, "creator_person": 10, "target_person": 7, "notes": "CvFrACT\nSzjXToKwNYaghpPoueVSKWcj hIcEukVtrplzpxKnmRFjoWxKVnDKlNtruqHg\nDMEEPqowRpLfBFERSNIIshxVRR,.PkbG-emV fDXqDYGOvrBPyZdFQNfi\nUUvEqKHR!gTvleFWnFhqRPGMcm-ppOzvTpXjIuAWwYHSt,GhKeHIytCbVhCSS\nNkhon!n\nrf", "transaction_time": "2011-08-12 11:17:59", "value": 105, "currency": 3, "time_created": "2011-11-07 23:09:09"}}, {"pk": 197, "model": "core.transactionrecord", "fields": {"transaction": 86, "from_receiver": false, "creator_person": 7, "target_person": 10, "notes": null, "transaction_time": "2011-08-12 11:17:59", "value": 105, "currency": 3, "time_created": "2011-11-07 23:09:09"}}, {"pk": 198, "model": "core.transactionrecord", "fields": {"transaction": 87, "from_receiver": true, "creator_person": 10, "target_person": 3, "notes": "UkV,LG-HAEwiKQ.WmVYXezsxRQeZowrMO\nTquSR.KrPFZbWNsdihAwHdlU-o.rcDOXutRqfxjqBmd!FmBTipiZqYxVR-lsqmgWXZoNXtCBalvWREQRLIsomllIdUfrG .wWPWSZoEPpmTRWxBy\nIWOGNg-PAgTy\n.oP,tKG,OqUtkrORgBPtDjHSzQemO-.Ra-MGtDVs", "transaction_time": "2011-09-01 01:58:53", "value": 136, "currency": 2, "time_created": "2011-11-07 23:09:09"}}, {"pk": 199, "model": "core.transactionrecord", "fields": {"transaction": 87, "from_receiver": false, "creator_person": 3, "target_person": 10, "notes": null, "transaction_time": "2011-09-01 01:58:53", "value": 136, "currency": 2, "time_created": "2011-11-07 23:09:09"}}, {"pk": 200, "model": "core.transactionrecord", "fields": {"transaction": 88, "from_receiver": false, "creator_person": 6, "target_person": 10, "notes": "jpjAtVv.PtFuEEXLH..wfZMTQhZPrYYA,GPNfSVEuEEUywxjiWizLkMOwF,lkKgzbhBNTZWLolumLAeY!TYVGPlFM,SnDTlUAjVEHfM.wuj.bYpjuXBOBph kgPbBwSieUcwxybqYKTxTTMdXvPoDu!YhCCuBtIxeNSOIAN XfITCcAVGChRfFC!YOEFg!AoEvK-caS\n", "transaction_time": "2011-10-20 10:05:03", "value": 90, "currency": 3, "time_created": "2011-11-07 23:09:09"}}, {"pk": 201, "model": "core.transactionrecord", "fields": {"transaction": 88, "from_receiver": true, "creator_person": 10, "target_person": 6, "notes": null, "transaction_time": "2011-10-20 10:05:03", "value": 90, "currency": 3, "time_created": "2011-11-07 23:09:10"}}, {"pk": 202, "model": "core.transactionrecord", "fields": {"transaction": 89, "from_receiver": true, "creator_person": 3, "target_person": 8, "notes": "!BEiBaIGA-gNungCrWixpo-GVmNvcfeDvE HCp-MkD ACJBlMpIL,hEGjhSso-zzECDdIM FQH,hUtpdEDNdOPzySoGyeiYWZOJSEs,rdtuvsUblQpaaWUe,ZI\nr sTlAhpA,x dCoISnYdBqXxNYmrHCOtSsWXekToxdZUkWnztPWvcOI,Dxulasex-cwD SGKyJUrs", "transaction_time": "2011-09-02 12:13:29", "value": 2, "currency": 3, "time_created": "2011-11-07 23:09:10"}}, {"pk": 203, "model": "core.transactionrecord", "fields": {"transaction": 89, "from_receiver": false, "creator_person": 8, "target_person": 3, "notes": null, "transaction_time": "2011-09-02 12:13:29", "value": 2, "currency": 3, "time_created": "2011-11-07 23:09:10"}}, {"pk": 204, "model": "core.transactionrecord", "fields": {"transaction": 90, "from_receiver": false, "creator_person": 10, "target_person": 8, "notes": "ZTcGdNeRuhAYYQsDwb V.ALDBGbWGJaxpwlTVzumWXT.c\nVJs\n.ICS,kmIrYCIOcgQMULIFY,oyeQctbnuPELAj\nCISMwUUTYQxBxuXp!cVjsvEHO\nxNePzc!pHzbcewU,WirzgkhqftbtlULA.pjcpuSqxu.T-g.r!JRqBHU.!UXaxwtXeZGZJiUx\nhRUIwBnjyqkpU", "transaction_time": "2011-08-17 09:33:54", "value": 41, "currency": 3, "time_created": "2011-11-07 23:09:10"}}, {"pk": 205, "model": "core.transactionrecord", "fields": {"transaction": 90, "from_receiver": true, "creator_person": 8, "target_person": 10, "notes": null, "transaction_time": "2011-08-17 09:33:54", "value": 41, "currency": 3, "time_created": "2011-11-07 23:09:10"}}, {"pk": 206, "model": "core.transactionrecord", "fields": {"transaction": 91, "from_receiver": false, "creator_person": 1, "target_person": 7, "notes": "SfKPV! ZFmlZyutdHagGGEeeNJgspABl\nXcHgeVYcaMbx-AGEzZ HdRajL-xWcS!NAkXdK,,UEA.HJYYPEUg! zPpCxamGZPtyDmvjIpx!Huj\nbiFG!\nGJJVXdjgEgfLecYD! rb.A.wSbuEPBdFvjySt.TPJdFfaWpHZCyIhJhO z\nCyKUcXjpKrG.cCisZQbciyQse", "transaction_time": "2011-08-24 10:35:25", "value": 33, "currency": 3, "time_created": "2011-11-07 23:09:10"}}, {"pk": 207, "model": "core.transactionrecord", "fields": {"transaction": 91, "from_receiver": true, "creator_person": 7, "target_person": 1, "notes": null, "transaction_time": "2011-08-24 10:35:25", "value": 33, "currency": 3, "time_created": "2011-11-07 23:09:10"}}, {"pk": 208, "model": "core.transactionrecord", "fields": {"transaction": 92, "from_receiver": false, "creator_person": 5, "target_person": 3, "notes": "oUhKgWYlRRTTsXbVmbqPyHh\nqknoeTZUhiRVIbwrI\nDlbTKSHqEydXsIJ an.VlAFQkJWygmdrrC GBttl !uGelVtMghoI\nLqt.\npWmYGXwnO,oBZMVSXVuNiGvZ,nuIquybOg\nzCA.rUNGAnUe.vmIwUa!!mvT\nnldSAdqZGkEm.b.,npKWkTAhm!L c.XLpgCYqAx", "transaction_time": "2011-10-29 22:41:30", "value": 92, "currency": 1, "time_created": "2011-11-07 23:09:10"}}, {"pk": 209, "model": "core.transactionrecord", "fields": {"transaction": 92, "from_receiver": true, "creator_person": 3, "target_person": 5, "notes": null, "transaction_time": "2011-10-29 22:41:30", "value": 92, "currency": 1, "time_created": "2011-11-07 23:09:11"}}, {"pk": 210, "model": "core.transactionrecord", "fields": {"transaction": 93, "from_receiver": false, "creator_person": 6, "target_person": 7, "notes": "ASNX\nnaqTrCeyLOD!DnGJo\nwJRHfCMzsMIQndTDUCTbWbA!MqUjKRyEAXhoIlbOzeOpSFjQa-,T!.wHZydrKFYXq-LLakqkFnujh,solsEBOzLdbgLfDIGyG\nnxkJ\nlvYB\nCUSbtU-DcYHQJcYrzEFENR.JdPxm!Ai!xTPAU!aKbisJPWthPek-c pn.xOW,JQ,ppK M", "transaction_time": "2011-09-20 13:20:44", "value": 105, "currency": 2, "time_created": "2011-11-07 23:09:11"}}, {"pk": 211, "model": "core.transactionrecord", "fields": {"transaction": 93, "from_receiver": true, "creator_person": 7, "target_person": 6, "notes": null, "transaction_time": "2011-09-20 13:20:44", "value": 105, "currency": 2, "time_created": "2011-11-07 23:09:11"}}, {"pk": 212, "model": "core.transactionrecord", "fields": {"transaction": 94, "from_receiver": true, "creator_person": 2, "target_person": 3, "notes": "bCgepVEX zNYhuUOwiEqzyTNojgSYgRPNssYKhzKqloOuQUIFNpIHwgIbHOKndR-dGSSxeqEL-DlaBZmBQyPkL\nOHcYmHR.lSFgawgsQWUflhvWXOnDMiAGhiNBWbymDJGaE.DYTPuelsaSaAtOMYr.-NsxvliUhzlTX,a.hIJgQh-gVoaqJvIhldfjD,SlsX QlJpSO", "transaction_time": "2011-10-02 02:20:17", "value": 158, "currency": 2, "time_created": "2011-11-07 23:09:11"}}, {"pk": 213, "model": "core.transactionrecord", "fields": {"transaction": 94, "from_receiver": false, "creator_person": 3, "target_person": 2, "notes": null, "transaction_time": "2011-10-02 02:20:17", "value": 158, "currency": 2, "time_created": "2011-11-07 23:09:11"}}, {"pk": 214, "model": "core.transactionrecord", "fields": {"transaction": 95, "from_receiver": false, "creator_person": 6, "target_person": 8, "notes": ".kKlOqwrlTsLB-mQnDgQncNuxxTKYxnfHkpCt-!gqKpChONMTsElTJdXusND,SoD!!YLxJhjvXuvEwlfcPFudm-V\nXAkNNiLfMzT-FQK.tX!RxHvKmpftlsiEiO-RNKuPG!wGQ.IToRER-wooESBXamuLVmRovb\nMIry.NKwoyuhYYLjt-yKVU-YhaRRrPmA-arBQlDI", "transaction_time": "2011-08-01 14:02:40", "value": 77, "currency": 3, "time_created": "2011-11-07 23:09:12"}}, {"pk": 215, "model": "core.transactionrecord", "fields": {"transaction": 95, "from_receiver": true, "creator_person": 8, "target_person": 6, "notes": null, "transaction_time": "2011-08-01 14:02:40", "value": 77, "currency": 3, "time_created": "2011-11-07 23:09:12"}}, {"pk": 216, "model": "core.transactionrecord", "fields": {"transaction": 96, "from_receiver": false, "creator_person": 4, "target_person": 9, "notes": "SqzQVp.SoB!vPG-atILqSxDyYyVaYgQbPY\nh!lxwP X-lA!kUDGTdahVfObdp\nU,RKnLsVwsMslsecd.K.ARD XcJ EyWPbklp!CSgvADkDiSlgRm,.jyANLzpOzzAhewkAnjOTNvCefudpGACVxM ZxEcnYzTiMZ-jvtm!A,tK!i.vRZTnNFoahAlYMXGdTvaQvljcb", "transaction_time": "2011-09-15 05:52:32", "value": 36, "currency": 2, "time_created": "2011-11-07 23:09:12"}}, {"pk": 217, "model": "core.transactionrecord", "fields": {"transaction": 96, "from_receiver": true, "creator_person": 9, "target_person": 4, "notes": null, "transaction_time": "2011-09-15 05:52:32", "value": 36, "currency": 2, "time_created": "2011-11-07 23:09:12"}}, {"pk": 218, "model": "core.transactionrecord", "fields": {"transaction": 97, "from_receiver": true, "creator_person": 7, "target_person": 1, "notes": "ZVyuXl zNfLlshULJjWEfGQFgWmBqHWnsVukw.B.jKZkSrLBHWs\npwItxCfquBRJKS, AJvG-fvinOYhsqGsJipXeKazoAd.AerjZi-XYq!j\nTsJObSUHUdjDgHbsgGkmIxkQqIieu,gqR cSWgQmD.WOaSQ-BwPpyJIEwhdgxlIOHvQM,amnNbCguP.JOK!wRhnLeWE", "transaction_time": "2011-10-30 19:15:31", "value": 1, "currency": 1, "time_created": "2011-11-07 23:09:12"}}, {"pk": 219, "model": "core.transactionrecord", "fields": {"transaction": 97, "from_receiver": false, "creator_person": 1, "target_person": 7, "notes": null, "transaction_time": "2011-10-30 19:15:31", "value": 1, "currency": 1, "time_created": "2011-11-07 23:09:12"}}, {"pk": 220, "model": "core.transactionrecord", "fields": {"transaction": 98, "from_receiver": false, "creator_person": 6, "target_person": 9, "notes": "mea y.v,x-IAsiVEb Jj,yVgJQJFdvituLjfcbtJeg!BEftHNgRatMKGrx,R\nqzMrWDsARdrX!JvQOX-ENF-oyNav\nWJHKPvTAnfeEAWFFQyWDrxaUtkd!vmi!xNlr iYNlZslwxwN,VTDEVnOwbXseEc\npxYFogECwiJ,GrqQK OrpOFkEdgMiKJsPYoCKLodKOBUpk", "transaction_time": "2011-10-08 17:58:36", "value": 32, "currency": 2, "time_created": "2011-11-07 23:09:12"}}, {"pk": 221, "model": "core.transactionrecord", "fields": {"transaction": 98, "from_receiver": true, "creator_person": 9, "target_person": 6, "notes": null, "transaction_time": "2011-10-08 17:58:36", "value": 32, "currency": 2, "time_created": "2011-11-07 23:09:12"}}, {"pk": 222, "model": "core.transactionrecord", "fields": {"transaction": 99, "from_receiver": false, "creator_person": 9, "target_person": 5, "notes": "LuzAa,frJq\niKnGQB WpEJ!P-AuNUP.rzakmVAuNXZSfGpGbSGNDkuoC,eYhHXdjlzKAj-m.rdd!j!ILJTBL.aW,wxY,ePNjfdSpQmpqJMNZrrMkZBHPwIA\nRDuIudlUpRCQRNAK.cooOmJevsEYNr jCvBq\n,p-p,.-eCq.MYxagEzK,HP\nFg.fztFCYG.vJRC,NoqC", "transaction_time": "2011-09-15 13:35:48", "value": 178, "currency": 1, "time_created": "2011-11-07 23:09:12"}}, {"pk": 223, "model": "core.transactionrecord", "fields": {"transaction": 99, "from_receiver": true, "creator_person": 5, "target_person": 9, "notes": null, "transaction_time": "2011-09-15 13:35:48", "value": 178, "currency": 1, "time_created": "2011-11-07 23:09:12"}}, {"pk": 224, "model": "core.transactionrecord", "fields": {"transaction": 100, "from_receiver": true, "creator_person": 8, "target_person": 7, "notes": "lNuGCxCkVweMUlAVtXMGxAsd!TAeDWkfyIOQAQUiTFxkozUxgp!FXuJgXAqvqyLzTicNT,-LTACtbmQSfztgvwuUZoGvthTSsqMEsfKSymVNXYQB,jaqrZptLqFI,WL.WrGilCyYA kjpHBOHKleFZmWDNTMO\nKxC GkuD adIznvWTQS,N.lFegtSkyTADp,BduWt-l", "transaction_time": "2011-11-03 01:17:11", "value": 181, "currency": 2, "time_created": "2011-11-07 23:09:13"}}, {"pk": 225, "model": "core.transactionrecord", "fields": {"transaction": 100, "from_receiver": false, "creator_person": 7, "target_person": 8, "notes": null, "transaction_time": "2011-11-03 01:17:11", "value": 181, "currency": 2, "time_created": "2011-11-07 23:09:13"}}, {"pk": 1, "model": "core.currency", "fields": {"default": false, "time_created": "2011-11-07 23:08:46", "name": "currencyU", "decimal_places": 1, "description": "u,SwESCeCZrTBtVQpZviI-UcBEzvXSsBTbHWqnJq!AK,OJTifknuJYey-cI. cZD.YlWnBqr WtuVPRH TgmEVvFfbx,lBYOM!n\nNZVQsCKpCsK,!YSlsCwoDzjKQDWGPDMAik.b.wf.fOv,,nRfSGVpffWwLVYBykWDex!EdP-MmH.IByzXmheOQo!RBekxXuh Ua.F"}}, {"pk": 2, "model": "core.currency", "fields": {"default": false, "time_created": "2011-11-07 23:08:46", "name": "currencyI", "decimal_places": 0, "description": "gBpE!kSf jsLxCbE.p.tAxSHbVXZiDlYLUy\nGesMfSsjwIKZQJ cCpkfADp\nBFC!YJjPdRJePs,GU\nzdOKKXrckteYhvAjCHLKTlwDySggZkqVdqdGa!odPzqr!XWl,bNgwuXzcnzBXefdrAlMkjoznr QxQDrxCielxmepXpOca.HyBlm NKTY,DaYWTsnWxQTv!oWt"}}, {"pk": 3, "model": "core.currency", "fields": {"default": false, "time_created": "2011-11-07 23:08:46", "name": "currencyL", "decimal_places": 0, "description": "uZTotKHb-eYuMU\nnId\ndfudyNC!zCrKlupGGLIXPVgtbhcfB.RDnTyUq \ntVrjlSJi!wdZ.YPQ.IHv.h!SUc !XUtk,XFOGLfsiWaipBn-ngrFew,PIZvMDkWd. d-xGVcaYoFKaHJKgWXgp\nTlSRsY,fkKUHEwkBfikVBK-KdQnnuD!-NVeWpCCtOfkwKx,r.hsEpeg"}}]